instrument,rsi_period,threshold,exit,stop,n_trades,win_rate,expectancy_pct,profit_factor,max_dd_pct,tim_pct,ann_ret_pct,ann_over_tim
^GSPC,1,5,close>5SMA,nostop,2809,40.121039515841936,-0.3896095531932424,0.3897579433987229,-99.998859503018,49.936759263596755,-12.528606890908389,-25.088946651052666
^GSPC,1,5,close>5SMA,2xATR,3119,41.00673292722026,-0.31882844705758845,0.4675217797564575,-99.9969924068762,45.28505176371387,-11.35409199377212,-25.072494237204246
^GSPC,1,5,RSI>65,nostop,3241,35.08176488738044,-0.410968004385363,0.3361703811014606,-99.99988432365689,44.8306553614091,-14.861507909354232,-33.15032490501408
^GSPC,1,5,RSI>65,2xATR,3400,35.911764705882355,-0.3557815140764403,0.384770967137844,-99.99958312736355,42.970909261254505,-13.553666957593935,-31.54149444497523
^GSPC,1,5,time3d,nostop,2626,44.02132520944402,-0.28509946637396355,0.6197150952314252,-99.96501805225432,49.20597742071485,-8.875461729656386,-18.037364960298447
^GSPC,1,5,time3d,2xATR,2688,43.75,-0.21367009306834892,0.6880408576390019,-99.82470707269464,48.44708858387595,-6.906197171943029,-14.25513353601507
^GSPC,1,10,close>5SMA,nostop,2809,40.121039515841936,-0.3896095531932424,0.3897579433987229,-99.998859503018,49.936759263596755,-12.528606890908389,-25.088946651052666
^GSPC,1,10,close>5SMA,2xATR,3119,41.00673292722026,-0.31882844705758845,0.4675217797564575,-99.9969924068762,45.28505176371387,-11.35409199377212,-25.072494237204246
^GSPC,1,10,RSI>65,nostop,3241,35.08176488738044,-0.410968004385363,0.3361703811014606,-99.99988432365689,44.8306553614091,-14.861507909354232,-33.15032490501408
^GSPC,1,10,RSI>65,2xATR,3400,35.911764705882355,-0.3557815140764403,0.384770967137844,-99.99958312736355,42.970909261254505,-13.553666957593935,-31.54149444497523
^GSPC,1,10,time3d,nostop,2626,44.02132520944402,-0.28509946637396355,0.6197150952314252,-99.96501805225432,49.20597742071485,-8.875461729656386,-18.037364960298447
^GSPC,1,10,time3d,2xATR,2688,43.75,-0.21367009306834892,0.6880408576390019,-99.82470707269464,48.44708858387595,-6.906197171943029,-14.25513353601507
^GSPC,1,15,close>5SMA,nostop,2809,40.121039515841936,-0.3896095531932424,0.3897579433987229,-99.998859503018,49.936759263596755,-12.528606890908389,-25.088946651052666
^GSPC,1,15,close>5SMA,2xATR,3119,41.00673292722026,-0.31882844705758845,0.4675217797564575,-99.9969924068762,45.28505176371387,-11.35409199377212,-25.072494237204246
^GSPC,1,15,RSI>65,nostop,3241,35.08176488738044,-0.410968004385363,0.3361703811014606,-99.99988432365689,44.8306553614091,-14.861507909354232,-33.15032490501408
^GSPC,1,15,RSI>65,2xATR,3400,35.911764705882355,-0.3557815140764403,0.384770967137844,-99.99958312736355,42.970909261254505,-13.553666957593935,-31.54149444497523
^GSPC,1,15,time3d,nostop,2626,44.02132520944402,-0.28509946637396355,0.6197150952314252,-99.96501805225432,49.20597742071485,-8.875461729656386,-18.037364960298447
^GSPC,1,15,time3d,2xATR,2688,43.75,-0.21367009306834892,0.6880408576390019,-99.82470707269464,48.44708858387595,-6.906197171943029,-14.25513353601507
^GSPC,1,20,close>5SMA,nostop,2809,40.121039515841936,-0.3896095531932424,0.3897579433987229,-99.998859503018,49.936759263596755,-12.528606890908389,-25.088946651052666
^GSPC,1,20,close>5SMA,2xATR,3119,41.00673292722026,-0.31882844705758845,0.4675217797564575,-99.9969924068762,45.28505176371387,-11.35409199377212,-25.072494237204246
^GSPC,1,20,RSI>65,nostop,3241,35.08176488738044,-0.410968004385363,0.3361703811014606,-99.99988432365689,44.8306553614091,-14.861507909354232,-33.15032490501408
^GSPC,1,20,RSI>65,2xATR,3400,35.911764705882355,-0.3557815140764403,0.384770967137844,-99.99958312736355,42.970909261254505,-13.553666957593935,-31.54149444497523
^GSPC,1,20,time3d,nostop,2626,44.02132520944402,-0.28509946637396355,0.6197150952314252,-99.96501805225432,49.20597742071485,-8.875461729656386,-18.037364960298447
^GSPC,1,20,time3d,2xATR,2688,43.75,-0.21367009306834892,0.6880408576390019,-99.82470707269464,48.44708858387595,-6.906197171943029,-14.25513353601507
^GSPC,1,30,close>5SMA,nostop,2809,40.121039515841936,-0.3896095531932424,0.3897579433987229,-99.998859503018,49.936759263596755,-12.528606890908389,-25.088946651052666
^GSPC,1,30,close>5SMA,2xATR,3119,41.00673292722026,-0.31882844705758845,0.4675217797564575,-99.9969924068762,45.28505176371387,-11.35409199377212,-25.072494237204246
^GSPC,1,30,RSI>65,nostop,3241,35.08176488738044,-0.410968004385363,0.3361703811014606,-99.99988432365689,44.8306553614091,-14.861507909354232,-33.15032490501408
^GSPC,1,30,RSI>65,2xATR,3400,35.911764705882355,-0.3557815140764403,0.384770967137844,-99.99958312736355,42.970909261254505,-13.553666957593935,-31.54149444497523
^GSPC,1,30,time3d,nostop,2626,44.02132520944402,-0.28509946637396355,0.6197150952314252,-99.96501805225432,49.20597742071485,-8.875461729656386,-18.037364960298447
^GSPC,1,30,time3d,2xATR,2688,43.75,-0.21367009306834892,0.6880408576390019,-99.82470707269464,48.44708858387595,-6.906197171943029,-14.25513353601507
^GSPC,2,5,close>5SMA,nostop,359,59.05292479108635,-0.10826989682428427,0.8510853874252072,-62.4441017727141,8.614793647819367,-0.5703266528546358,-6.620317051923822
^GSPC,2,5,close>5SMA,2xATR,381,57.74278215223097,-0.05568150350300493,0.916405199940347,-58.60424470303821,7.429615402632689,-0.3264376597791663,-4.3937356389065965
^GSPC,2,5,RSI>65,nostop,355,60.84507042253521,0.012908022190217616,1.0176675518122607,-68.20064942601583,9.84681688293437,-0.07162939194649276,-0.7274370265850528
^GSPC,2,5,RSI>65,2xATR,379,58.575197889182064,0.04641564233782796,1.0682219993053488,-61.56073111067808,8.25877172436408,0.11478988282498381,1.3899147071270161
^GSPC,2,5,time3d,nostop,387,46.51162790697674,-0.05451416854670379,0.9204432567646438,-58.263603845919356,7.24223544291938,-0.33476066805624427,-4.6223389269059805
^GSPC,2,5,time3d,2xATR,399,46.11528822055138,-0.029776687752402786,0.9547505881868245,-53.79528693873654,7.204759450976718,-0.21617289131163897,-3.0004178874054337
^GSPC,2,10,close>5SMA,nostop,651,56.98924731182796,-0.14320215125606128,0.7872060247487046,-79.73691015417226,15.266782217641822,-1.2494162967549127,-8.183887599517375
^GSPC,2,10,close>5SMA,2xATR,706,56.37393767705382,-0.12833865984428103,0.8052037279299562,-78.80811059616939,13.411720616480066,-1.1834194795857123,-8.82377074073217
^GSPC,2,10,RSI>65,nostop,629,58.9825119236884,-0.08630916198164483,0.8759965622295091,-80.94418531342322,16.9532018550616,-0.805820892679554,-4.753207680583156
^GSPC,2,10,RSI>65,2xATR,686,57.14285714285714,-0.10017340045383731,0.8564018490102564,-77.77687100141402,14.423572398931933,-0.9393951494749642,-6.512915964872382
^GSPC,2,10,time3d,nostop,738,47.289972899729,-0.16076793237303622,0.769509099585057,-79.31341679842703,13.823956527849345,-1.5250494820620464,-11.031931986980178
^GSPC,2,10,time3d,2xATR,757,47.15984147952444,-0.12528560339692194,0.8126701208473047,-75.20966659425852,13.678737059071533,-1.2349419493706049,-9.02818691548435
^GSPC,2,15,close>5SMA,nostop,861,54.70383275261324,-0.21577817204430713,0.688858399337916,-91.38456520906898,20.119923174216517,-2.36088387841763,-11.734060105373958
^GSPC,2,15,close>5SMA,2xATR,951,54.363827549947416,-0.15702281525607323,0.7551224639769744,-89.96441803021519,17.787042675785823,-1.8882353084632042,-10.615791185084019
^GSPC,2,15,RSI>65,nostop,820,55.243902439024396,-0.1944208966114808,0.7324837295472082,-92.25699289641274,21.942193282428445,-2.0637637138089415,-9.40545772815531
^GSPC,2,15,RSI>65,2xATR,917,54.52562704471101,-0.16235868059277855,0.7693790025763643,-90.41847816336342,18.752049468309366,-1.901208619024941,-10.138671094260658
^GSPC,2,15,time3d,nostop,1004,43.12749003984064,-0.25170191066037795,0.661050857438383,-94.37922731663915,18.81294795521619,-3.1109580646149326,-16.53626040969496
^GSPC,2,15,time3d,2xATR,1031,42.580019398642094,-0.20036472616459983,0.7115471079556739,-91.92657243350239,18.53656251463906,-2.5584376313930735,-13.802114763039663
^GSPC,2,20,close>5SMA,nostop,1017,51.81907571288102,-0.3183718638049957,0.5741094064986043,-97.28918549316013,23.736356396683377,-3.9934730981091793,-16.824288578120512
^GSPC,2,20,close>5SMA,2xATR,1141,51.97195442594216,-0.20312753158435765,0.6950578015728178,-96.19077943191662,21.150512952639716,-2.866568778258416,-13.553187975522127
^GSPC,2,20,RSI>65,nostop,963,53.79023883696781,-0.29395014084676724,0.6213666948203956,-97.18135982560017,25.657000983744787,-3.547737617899016,-13.827561608415245
^GSPC,2,20,RSI>65,2xATR,1098,53.551912568306015,-0.18370811739117432,0.7423703016497586,-95.88540824463344,22.20920972501991,-2.551241181430397,-11.487311854038111
^GSPC,2,20,time3d,nostop,1201,40.88259783513738,-0.3131526996221193,0.5991104883631129,-98.42320954406287,22.504333161568372,-4.550340363022221,-20.219840909541077
^GSPC,2,20,time3d,2xATR,1237,40.50121261115602,-0.24750295108511858,0.6591301399300562,-97.48010636229739,22.26073921394107,-3.7320879597246726,-16.765337053081353
^GSPC,2,30,close>5SMA,nostop,1300,48.769230769230774,-0.4300121668428995,0.45055810177563443,-99.73643722915769,29.97610905513655,-6.691133396386595,-22.32155408855519
^GSPC,2,30,close>5SMA,2xATR,1503,49.434464404524284,-0.3265171337052408,0.542928991504203,-99.56258279509682,26.874970721881297,-5.828072069198842,-21.685873184798268
^GSPC,2,30,RSI>65,nostop,1220,50.73770491803279,-0.4126811897323905,0.4880220128637318,-99.54454757366801,31.793694664355648,-6.082752865953389,-19.131947168042874
^GSPC,2,30,RSI>65,2xATR,1440,51.24999999999999,-0.3149573495830018,0.5836718492665254,-99.43453058217608,27.839977514404836,-5.43543454440133,-19.523846747322093
^GSPC,2,30,time3d,nostop,1561,41.383728379244076,-0.34140000104227086,0.5810309950320597,-99.65649578770874,29.240642713261817,-6.3764657817900305,-21.806859186778563
^GSPC,2,30,time3d,2xATR,1617,41.249226963512676,-0.2675769773632289,0.6449441172733107,-99.30028006836426,29.00173326462735,-5.219159023156605,-17.996024498033282
^GSPC,3,5,close>5SMA,nostop,66,53.03030303030303,-0.19740799701626377,0.7385611546458442,-31.12386108780314,1.8222701082119268,-0.16728463287477568,-9.180013002513718
^GSPC,3,5,close>5SMA,2xATR,67,52.23880597014925,-0.33389316666698426,0.6219697388101898,-35.9018489540703,1.5927296575631238,-0.2792796636950756,-17.53465582617288
^GSPC,3,5,RSI>65,nostop,66,65.15151515151516,0.24247302705279367,1.363073956056734,-24.684081299081704,2.843490888649459,0.16999426461510314,5.978365019338725
^GSPC,3,5,RSI>65,2xATR,67,59.70149253731343,-0.014379444156042458,0.9837685685224253,-35.130734319628985,2.2672975125310346,-0.032430515064130194,-1.4303599278388168
^GSPC,3,5,time3d,nostop,67,37.3134328358209,-0.146522973798711,0.7738369477206373,-24.621817655460998,1.255445730079168,-0.12620066320104817,-10.052259542361103
^GSPC,3,5,time3d,2xATR,68,38.23529411764706,-0.14916846521627103,0.7687739323620224,-24.62181765546102,1.255445730079168,-0.13011873784671835,-10.364345883633943
^GSPC,3,10,close>5SMA,nostop,231,56.709956709956714,-0.01886478091376285,0.9758203969882561,-60.16769352319089,5.935260223919052,-0.12633962409157595,-2.1286282205863234
^GSPC,3,10,close>5SMA,2xATR,248,54.83870967741935,-0.03531432716899779,0.9536128372036812,-58.430550104939186,5.092050405209163,-0.17021847447643568,-3.342827759566212
^GSPC,3,10,RSI>65,nostop,220,62.727272727272734,0.38943855425477353,1.4838976652636835,-55.10351473795885,9.130088537030964,0.8880793515134489,9.72695224051185
^GSPC,3,10,RSI>65,2xATR,243,57.61316872427984,0.24816072924973734,1.2754850237214328,-58.28327163742997,7.298449430833373,0.6031310949436319,8.263825085854755
^GSPC,3,10,time3d,nostop,257,42.023346303501945,0.006964975025383716,1.0097490444734292,-47.410339501866375,4.815664964632033,-0.05055048563767928,-1.0497093549684235
^GSPC,3,10,time3d,2xATR,264,41.66666666666667,0.0036890251888329396,1.0052921854281882,-47.71812698879946,4.787557970675036,-0.05164454671097163,-1.0787242061048057
^GSPC,3,15,close>5SMA,nostop,417,57.793764988009585,-0.09955331707510338,0.857865376259907,-66.13135433755245,9.935822363798192,-0.6060007112453247,-6.099150015536986
^GSPC,3,15,close>5SMA,2xATR,448,56.02678571428571,-0.11625474443803491,0.835265329007021,-66.46186231782607,8.633531643790697,-0.7005869491441996,-8.114720349094535
^GSPC,3,15,RSI>65,nostop,375,66.13333333333333,0.1824332090552774,1.2293237280711231,-60.46788573934872,14.86391530425821,0.594976953035764,4.002827928286938
^GSPC,3,15,RSI>65,2xATR,422,60.18957345971564,0.049904671772196284,1.0571428597733483,-64.18733443021672,11.748723474024453,0.11648273215125737,0.9914501129317748
^GSPC,3,15,time3d,nostop,472,47.66949152542373,-0.09202687157978699,0.8702198159901401,-62.83505360768179,8.834965100482503,-0.612342770236507,-6.9309019704341015
^GSPC,3,15,time3d,2xATR,486,47.325102880658434,-0.06600779050639183,0.904107563977496,-59.6739687397541,8.764697615590013,-0.4712905819939328,-5.377145940045154
^GSPC,3,20,close>5SMA,nostop,618,57.76699029126213,-0.13297224510213218,0.8050851603159439,-78.34946596714396,14.582845364688247,-1.1178297008937021,-7.665374437834199
^GSPC,3,20,close>5SMA,2xATR,675,56.592592592592595,-0.11763911326716534,0.8228404631182964,-76.71763554351068,12.93390171921113,-1.0508837542490435,-8.125032778686828
^GSPC,3,20,RSI>65,nostop,527,63.37760910815939,0.05456960897354494,1.0672036773666451,-75.78898948629114,20.60711106947112,0.0704906493558699,0.34206953666736867
^GSPC,3,20,RSI>65,2xATR,611,58.756137479541735,0.012790036388475406,1.0154003904042064,-69.75680657035205,16.555019440670822,-0.0747129891358056,-0.45130112594285277
^GSPC,3,20,time3d,nostop,720,48.75,-0.12775987539498074,0.8166184148526872,-77.39496480429374,13.481988101372558,-1.2182773293436755,-9.036332921994246
^GSPC,3,20,time3d,2xATR,740,48.24324324324324,-0.09627761390984015,0.8553060593868511,-75.54933455901174,13.36487562655174,-0.9614636505262286,-7.193958832030636
^GSPC,3,30,close>5SMA,nostop,911,51.92096597145993,-0.32087759542507616,0.5823546944336792,-96.17650412047591,21.548695367030497,-3.623754459599593,-16.81658401066794
^GSPC,3,30,close>5SMA,2xATR,1051,52.61655566127498,-0.2044423636434963,0.6997182923209982,-94.60091365890896,19.52030730313393,-2.6653785716520217,-13.65438837750317
^GSPC,3,30,RSI>65,nostop,732,61.065573770491795,-0.1619762966995868,0.8125166154337516,-91.70961232544116,27.94772099123999,-1.7202112989663343,-6.155104022633982
^GSPC,3,30,RSI>65,2xATR,912,58.333333333333336,-0.07146841648695658,0.9133781583903562,-85.64853323025683,23.33348948329976,-0.9957971156846823,-4.267673364489242
^GSPC,3,30,time3d,nostop,1112,42.44604316546763,-0.2788901847889877,0.6401010724210925,-96.92999660957167,20.836651520119922,-3.8015330574721284,-18.24445282775574
^GSPC,3,30,time3d,2xATR,1155,42.077922077922075,-0.2116155748659868,0.7059966582166324,-95.94786503125128,20.71485454630627,-3.0240288012000516,-14.598358846498757
^GSPC,4,5,close>5SMA,nostop,10,40.0,-0.8100265629852854,0.3484105417265255,-12.541668804548166,0.3185459315126247,-0.09825929199944738,-30.846192739885343
^GSPC,4,5,close>5SMA,2xATR,10,40.0,-1.0806016357653536,0.2861331107586862,-14.942035805345977,0.23890944863446856,-0.1310741823680739,-54.863540608064184
^GSPC,4,5,RSI>65,nostop,10,50.0,-0.34261767072577554,0.7137115068906772,-15.072404955128372,0.6558298589965803,-0.04381590025342996,-6.680985876499781
^GSPC,4,5,RSI>65,2xATR,10,40.0,-0.731850949237135,0.5220773297742041,-16.03420578529109,0.39818241439078095,-0.09059096212378215,-22.751120805369144
^GSPC,4,5,time3d,nostop,10,30.0,-0.29728259772460963,0.5569823747850545,-8.162571157105392,0.18737995971330867,-0.0360276307992069,-19.22704586676674
^GSPC,4,5,time3d,2xATR,10,30.0,-0.2913549501730883,0.5619463400942684,-8.107605487386671,0.17801096172764322,-0.03532155617215205,-19.842348937024468
^GSPC,4,10,close>5SMA,nostop,82,58.536585365853654,0.04885441936307745,1.0681415855037701,-32.70891221001509,2.1876610296528787,0.023465846352777042,1.0726454434533865
^GSPC,4,10,close>5SMA,2xATR,85,57.647058823529406,-0.001136568251814211,0.9984726375294735,-35.32046956600382,1.9440670820255774,-0.02523962238252242,-1.2982896843366412
^GSPC,4,10,RSI>65,nostop,82,70.73170731707317,0.8314878047774165,2.3814416886151615,-21.47724986447691,4.1926265985852815,0.769403312276995,18.351343583438002
^GSPC,4,10,RSI>65,2xATR,85,64.70588235294117,0.5009563956872142,1.5761475807435117,-34.32757454428994,3.3353632828968944,0.46087898090643176,13.817954501979774
^GSPC,4,10,time3d,nostop,91,47.25274725274725,0.15862599413661485,1.2885466702724744,-20.736834719490606,1.705157633391109,0.15093814380877646,8.851858670016348
^GSPC,4,10,time3d,2xATR,92,47.82608695652174,0.1572833408517652,1.2886730061139824,-21.89359397266264,1.7004731343982762,0.15114252782459925,8.888263199646612
^GSPC,4,15,close>5SMA,nostop,205,59.512195121951216,0.06325450473797321,1.0873174563069739,-52.02391988128661,5.204478381037148,0.09069624796933518,1.7426577906403222
^GSPC,4,15,close>5SMA,2xATR,217,56.68202764976959,-0.010951094347832908,0.985571422325857,-52.412281562467264,4.492434534126575,-0.08562826904420229,-1.906054910622092
^GSPC,4,15,RSI>65,nostop,195,70.25641025641025,0.6917852441451106,1.9504525979365979,-41.31772666133138,9.818709888977374,1.4844584691476648,15.118671250427099
^GSPC,4,15,RSI>65,2xATR,212,62.264150943396224,0.3722096625046775,1.3931596399530966,-51.73913649427653,7.560781374432005,0.8261887513356436,10.92729323095538
^GSPC,4,15,time3d,nostop,233,43.34763948497854,0.04990337912331522,1.0730175889178577,-39.266985923834,4.365953061320091,0.08178460753915928,1.8732360698910229
^GSPC,4,15,time3d,2xATR,237,43.459915611814345,0.0490592388635403,1.072832131013584,-37.23441949215254,4.32847706937743,0.0822571140884687,1.9003707948555641
^GSPC,4,20,close>5SMA,nostop,352,55.96590909090909,-0.09441791367744083,0.8655521601292555,-64.46202242518906,8.525788166955545,-0.4815274208276432,-5.647893325498735
^GSPC,4,20,close>5SMA,2xATR,381,53.54330708661418,-0.13686836128584645,0.8135318230550929,-63.32272513075448,7.490513889539514,-0.6926218995994105,-9.246653965446287
^GSPC,4,20,RSI>65,nostop,300,68.33333333333333,0.3369679696692465,1.3930357149554278,-53.28120825932595,15.632173139082775,1.0139196455757116,6.486108083339741
^GSPC,4,20,RSI>65,2xATR,351,58.97435897435898,0.12130841456086329,1.1222428619397118,-58.578264256580724,11.907996439780765,0.36664623114215367,3.07899177662925
^GSPC,4,20,time3d,nostop,407,45.7002457002457,-0.1242325928809682,0.8314676144520426,-67.27625262883683,7.616995362345998,-0.6848060216761653,-8.990500704010516
^GSPC,4,20,time3d,2xATR,420,45.0,-0.10929554705976917,0.8475974901985054,-62.810487956685066,7.560781374432005,-0.6206091899274679,-8.208267891810197
^GSPC,4,30,close>5SMA,nostop,704,56.39204545454546,-0.20949712946911242,0.7123282452108025,-87.14716751202793,16.667447416498806,-1.9188561709923335,-11.51259771842983
^GSPC,4,30,close>5SMA,2xATR,806,56.575682382134,-0.13572293297983087,0.7962993757553918,-82.08486077217219,15.196514732749334,-1.4211544799830111,-9.351844847163175
^GSPC,4,30,RSI>65,nostop,527,67.74193548387096,0.16915016819081388,1.2021296630431846,-68.52549507290324,25.8303274464796,0.7734089456135074,2.99418947443082
^GSPC,4,30,RSI>65,2xATR,669,60.38863976083707,0.10065397105178177,1.1112105978949955,-64.65204448569085,20.94907949594791,0.5725366686927247,2.7329920095222704
^GSPC,4,30,time3d,nostop,863,46.349942062572424,-0.14574300621202227,0.7981286669494867,-82.78317657063835,16.161521525272875,-1.6503015518997244,-10.211300645914033
^GSPC,4,30,time3d,2xATR,893,45.576707726763715,-0.12574903073560012,0.8212954322929473,-80.93220242902255,16.030355553473555,-1.4792316579747888,-9.227690883339514
^NDX,1,5,close>5SMA,nostop,987,51.16514690982776,-0.24727080419700542,0.668827221384014,-93.24663178423036,52.575669383003486,-9.38519619517033,-17.85083538699433
^NDX,1,5,close>5SMA,2xATR,1072,51.679104477611936,-0.3319549349098577,0.6159587697349775,-97.75649079839587,47.97729918509896,-12.97402394160999,-27.04200561927323
^NDX,1,5,RSI>65,nostop,1123,47.90739091718611,-0.38198539973264106,0.5324278116842392,-98.91048973384086,47.453434225844006,-15.248873484024884,-32.13439392279025
^NDX,1,5,RSI>65,2xATR,1165,48.32618025751073,-0.4276365767209889,0.5098757077596404,-99.45664169828784,45.561699650756694,-17.383716107044034,-38.154230944620444
^NDX,1,5,time3d,nostop,893,48.04031354983203,-0.23704457147053223,0.7754971968991915,-90.93353918665261,51.9790454016298,-8.42674042753444,-16.21180297256906
^NDX,1,5,time3d,2xATR,904,47.45575221238938,-0.305449239104606,0.7246436868457117,-95.20572999184918,51.164144353899886,-10.541549435895625,-20.60339241281989
^NDX,1,10,close>5SMA,nostop,987,51.16514690982776,-0.24727080419700542,0.668827221384014,-93.24663178423036,52.575669383003486,-9.38519619517033,-17.85083538699433
^NDX,1,10,close>5SMA,2xATR,1072,51.679104477611936,-0.3319549349098577,0.6159587697349775,-97.75649079839587,47.97729918509896,-12.97402394160999,-27.04200561927323
^NDX,1,10,RSI>65,nostop,1123,47.90739091718611,-0.38198539973264106,0.5324278116842392,-98.91048973384086,47.453434225844006,-15.248873484024884,-32.13439392279025
^NDX,1,10,RSI>65,2xATR,1165,48.32618025751073,-0.4276365767209889,0.5098757077596404,-99.45664169828784,45.561699650756694,-17.383716107044034,-38.154230944620444
^NDX,1,10,time3d,nostop,893,48.04031354983203,-0.23704457147053223,0.7754971968991915,-90.93353918665261,51.9790454016298,-8.42674042753444,-16.21180297256906
^NDX,1,10,time3d,2xATR,904,47.45575221238938,-0.305449239104606,0.7246436868457117,-95.20572999184918,51.164144353899886,-10.541549435895625,-20.60339241281989
^NDX,1,15,close>5SMA,nostop,987,51.16514690982776,-0.24727080419700542,0.668827221384014,-93.24663178423036,52.575669383003486,-9.38519619517033,-17.85083538699433
^NDX,1,15,close>5SMA,2xATR,1072,51.679104477611936,-0.3319549349098577,0.6159587697349775,-97.75649079839587,47.97729918509896,-12.97402394160999,-27.04200561927323
^NDX,1,15,RSI>65,nostop,1123,47.90739091718611,-0.38198539973264106,0.5324278116842392,-98.91048973384086,47.453434225844006,-15.248873484024884,-32.13439392279025
^NDX,1,15,RSI>65,2xATR,1165,48.32618025751073,-0.4276365767209889,0.5098757077596404,-99.45664169828784,45.561699650756694,-17.383716107044034,-38.154230944620444
^NDX,1,15,time3d,nostop,893,48.04031354983203,-0.23704457147053223,0.7754971968991915,-90.93353918665261,51.9790454016298,-8.42674042753444,-16.21180297256906
^NDX,1,15,time3d,2xATR,904,47.45575221238938,-0.305449239104606,0.7246436868457117,-95.20572999184918,51.164144353899886,-10.541549435895625,-20.60339241281989
^NDX,1,20,close>5SMA,nostop,987,51.16514690982776,-0.24727080419700542,0.668827221384014,-93.24663178423036,52.575669383003486,-9.38519619517033,-17.85083538699433
^NDX,1,20,close>5SMA,2xATR,1072,51.679104477611936,-0.3319549349098577,0.6159587697349775,-97.75649079839587,47.97729918509896,-12.97402394160999,-27.04200561927323
^NDX,1,20,RSI>65,nostop,1123,47.90739091718611,-0.38198539973264106,0.5324278116842392,-98.91048973384086,47.453434225844006,-15.248873484024884,-32.13439392279025
^NDX,1,20,RSI>65,2xATR,1165,48.32618025751073,-0.4276365767209889,0.5098757077596404,-99.45664169828784,45.561699650756694,-17.383716107044034,-38.154230944620444
^NDX,1,20,time3d,nostop,893,48.04031354983203,-0.23704457147053223,0.7754971968991915,-90.93353918665261,51.9790454016298,-8.42674042753444,-16.21180297256906
^NDX,1,20,time3d,2xATR,904,47.45575221238938,-0.305449239104606,0.7246436868457117,-95.20572999184918,51.164144353899886,-10.541549435895625,-20.60339241281989
^NDX,1,30,close>5SMA,nostop,987,51.16514690982776,-0.24727080419700542,0.668827221384014,-93.24663178423036,52.575669383003486,-9.38519619517033,-17.85083538699433
^NDX,1,30,close>5SMA,2xATR,1072,51.679104477611936,-0.3319549349098577,0.6159587697349775,-97.75649079839587,47.97729918509896,-12.97402394160999,-27.04200561927323
^NDX,1,30,RSI>65,nostop,1123,47.90739091718611,-0.38198539973264106,0.5324278116842392,-98.91048973384086,47.453434225844006,-15.248873484024884,-32.13439392279025
^NDX,1,30,RSI>65,2xATR,1165,48.32618025751073,-0.4276365767209889,0.5098757077596404,-99.45664169828784,45.561699650756694,-17.383716107044034,-38.154230944620444
^NDX,1,30,time3d,nostop,893,48.04031354983203,-0.23704457147053223,0.7754971968991915,-90.93353918665261,51.9790454016298,-8.42674042753444,-16.21180297256906
^NDX,1,30,time3d,2xATR,904,47.45575221238938,-0.305449239104606,0.7246436868457117,-95.20572999184918,51.164144353899886,-10.541549435895625,-20.60339241281989
^NDX,2,5,close>5SMA,nostop,109,67.88990825688074,0.22728438871223497,1.2489471334126747,-43.148542365802754,7.508731082654249,0.5739439944387081,7.643688236013182
^NDX,2,5,close>5SMA,2xATR,111,62.16216216216216,0.010724809817463432,1.0101205112348148,-28.429948839904284,6.286379511059372,-0.14270697941275445,-2.2700980613991866
^NDX,2,5,RSI>65,nostop,108,68.51851851851852,0.3397402421370415,1.3609477505251135,-41.59022422198616,8.41094295692666,0.9848063203522939,11.708631545780213
^NDX,2,5,RSI>65,2xATR,111,62.16216216216216,0.10437363602448158,1.0958938655930843,-26.996078212940912,6.955762514551804,0.2231923158515725,3.208739737514658
^NDX,2,5,time3d,nostop,114,53.50877192982456,0.04798985616253369,1.053950039506457,-21.64607418339183,6.635622817229336,0.06085958105981337,0.9171645636908717
^NDX,2,5,time3d,2xATR,115,49.56521739130435,-0.18607516934873866,0.8311785613700565,-33.1362676755373,6.344586728754366,-0.9437270790021879,-14.874524052529896
^NDX,2,10,close>5SMA,nostop,217,63.594470046082954,0.17504892227455957,1.2176617094737987,-42.847854546568485,15.017462165308498,0.968560239743943,6.4495600460468765
^NDX,2,10,close>5SMA,2xATR,229,61.572052401746724,-0.040616760685311115,0.9579823513853434,-28.38309476018315,13.344004656577416,-0.632193071903786,-4.737656259675919
^NDX,2,10,RSI>65,nostop,213,66.19718309859155,0.25856311433025425,1.3294571528688326,-40.716003795840585,16.196158323632133,1.5919603683784311,9.829246766843285
^NDX,2,10,RSI>65,2xATR,226,64.15929203539822,-0.001128328317941854,0.9988580590899381,-27.06845117224065,14.071594877764843,-0.3153696471885792,-2.2411791266596857
^NDX,2,10,time3d,nostop,237,49.36708860759494,-0.08884382438438222,0.9101591671425983,-43.36038462890317,13.79511059371362,-1.1553741474298107,-8.375243819765464
^NDX,2,10,time3d,2xATR,241,47.71784232365145,-0.10449160325116955,0.8948594000798051,-35.234738738734386,13.562281722933644,-1.2011418296278609,-8.856487825324741
^NDX,2,15,close>5SMA,nostop,287,60.62717770034843,0.022753527196078815,1.0259695422297113,-53.41808106503967,20.328870779976718,-0.2674662917663495,-1.315696748044634
^NDX,2,15,close>5SMA,2xATR,311,58.842443729903536,-0.14475454913329813,0.8621484645750558,-45.871294631793035,18.116996507566938,-2.0261141821844797,-11.18349932527851
^NDX,2,15,RSI>65,nostop,281,63.345195729537366,0.08409000504077681,1.0987749514654508,-51.50545059446661,21.842258440046567,0.34468860061629414,1.578081321409176
^NDX,2,15,RSI>65,2xATR,305,60.983606557377044,-0.1269191032449479,0.8810418364525485,-45.21391536887616,18.88824214202561,-1.8129287792974291,-9.598186880841244
^NDX,2,15,time3d,nostop,331,47.73413897280967,-0.06723681808814823,0.9343274787466248,-45.938448913213826,19.266589057043074,-1.2963414949843544,-6.728443167320607
^NDX,2,15,time3d,2xATR,335,46.56716417910447,-0.10261536459828188,0.9018271820930439,-46.66331500547673,18.859138533178115,-1.6703377942380637,-8.856914600311708
^NDX,2,20,close>5SMA,nostop,356,58.70786516853933,-0.08291211050966013,0.9092733962576796,-56.87320896876573,25.058207217694996,-1.636397912086407,-6.530387021984779
^NDX,2,20,close>5SMA,2xATR,388,57.21649484536082,-0.27886378129828493,0.7485949157852875,-73.4775281963398,22.32246798603027,-4.343221821030752,-19.45672774062798
^NDX,2,20,RSI>65,nostop,347,61.09510086455331,0.004194063924364425,1.0047491036734653,-53.82557515958899,26.818975552968567,-0.531161098839239,-1.980542089649078
^NDX,2,20,RSI>65,2xATR,380,58.42105263157895,-0.23498899694004136,0.7889166502177762,-72.5828891195023,23.39930151338766,-3.693682582283142,-15.7854394934389
^NDX,2,20,time3d,nostop,415,48.674698795180724,-0.20872417648481245,0.8134835195160153,-65.30846511908965,24.155995343422585,-3.7675770083165028,-15.5968609645488
^NDX,2,20,time3d,2xATR,422,47.867298578199055,-0.2156062439251166,0.8059998848952304,-66.956624491427,23.821303841676368,-3.7873946254014745,-15.899191121416576
^NDX,2,30,close>5SMA,nostop,480,59.791666666666664,-0.15827789353916522,0.8305776518978216,-75.63253562455206,32.36321303841677,-3.4307619121591415,-10.600807491167995
^NDX,2,30,close>5SMA,2xATR,536,59.14179104477611,-0.34310856975613907,0.6971040398968925,-87.4485693207754,29.059953434225843,-7.128826618995998,-24.531445431016774
^NDX,2,30,RSI>65,nostop,459,59.912854030501094,-0.09940541887279826,0.8932785068385549,-69.78740334231684,34.123981373690334,-2.368065555958987,-6.9395933904265075
^NDX,2,30,RSI>65,2xATR,519,58.38150289017341,-0.3276067741060542,0.721375733110744,-86.13781270749197,29.976717112922003,-6.680496896301269,-22.28561877251569
^NDX,2,30,time3d,nostop,559,48.837209302325576,-0.1762430828069129,0.8369842083718502,-70.47530397544831,32.53783469150174,-4.254107374180139,-13.074340731380106
^NDX,2,30,time3d,2xATR,577,48.00693240901213,-0.2666747095669074,0.7692164105941477,-83.6069726746965,32.34866123399301,-6.184545202484227,-19.118396145511294
^NDX,3,5,close>5SMA,nostop,11,27.27272727272727,-0.7079920119023707,0.4532607907678823,-13.39080819435836,0.9022118742724098,-0.3015220173847144,-33.42031134625415
^NDX,3,5,close>5SMA,2xATR,12,33.33333333333333,-0.5292452797840279,0.5794440754605625,-10.632902942618848,0.7566938300349243,-0.2446262471699212,-32.32829943368651
^NDX,3,5,RSI>65,nostop,10,50.0,-2.0988277147475967,0.24112903288222814,-25.161295947034436,1.891734575087311,-0.8223634019566717,-43.47139460189421
^NDX,3,5,RSI>65,2xATR,12,41.66666666666667,-1.0272929953088337,0.431020295408618,-16.888378688417493,1.149592549476135,-0.4690923851756734,-40.805099631990224
^NDX,3,5,time3d,nostop,12,33.33333333333333,-0.46399517295492854,0.5989893946733695,-10.457933762995586,0.6984866123399301,-0.21376189156983028,-30.603577476414035
^NDX,3,5,time3d,2xATR,12,33.33333333333333,-0.45405351132137656,0.604180599312056,-10.347463889256181,0.6839348079161817,-0.20925012270723853,-30.59503921796049
^NDX,3,10,close>5SMA,nostop,67,73.13432835820896,0.3247372757536968,1.3071575463999168,-37.72095853907602,4.59837019790454,0.5234543527624202,11.383475671466304
^NDX,3,10,close>5SMA,2xATR,69,68.11594202898551,0.47768645609278143,1.5632220588003525,-22.163395548100528,3.841676367869616,1.0928584017285248,28.447435366206143
^NDX,3,10,RSI>65,nostop,64,81.25,0.907976214033052,1.8125177346231813,-41.61474703786634,7.552386495925495,1.8340324780646622,24.284144873334025
^NDX,3,10,RSI>65,2xATR,69,71.01449275362319,0.9654412327457572,2.0193341545775825,-20.945837788052746,6.111757857974389,2.3015121780075365,37.65712306492331
^NDX,3,10,time3d,nostop,71,52.112676056338024,0.07710693075675057,1.0715291281229626,-31.489422831158688,4.132712456344587,-0.04827891950854868,-1.168213855150516
^NDX,3,10,time3d,2xATR,72,47.22222222222222,0.16746157036183812,1.1753202236612141,-18.543228906186606,3.928987194412107,0.3276867041417608,8.340233447637706
^NDX,3,15,close>5SMA,nostop,146,68.4931506849315,0.40227320671019035,1.5016774071269674,-43.44766499310991,9.89522700814901,1.80497866092737,18.240901996901304
^NDX,3,15,close>5SMA,2xATR,153,64.05228758169935,0.10139234278238353,1.098046321268078,-28.48835673917163,8.585564610011641,0.3129915832735586,3.6455562038235505
^NDX,3,15,RSI>65,nostop,133,78.94736842105263,0.8998416432970524,2.137787367010772,-45.32855594719899,14.595459837019789,4.073957801665196,27.9125005115087
^NDX,3,15,RSI>65,2xATR,144,69.44444444444444,0.3902844442447083,1.3332176332683947,-25.31744703899319,12.107101280558789,1.7626365072611838,14.5586996128592
^NDX,3,15,time3d,nostop,159,55.34591194968554,0.18407182867583863,1.2160545454689717,-20.60099403019403,9.254947613504076,0.8924940513016733,9.643426290165248
^NDX,3,15,time3d,2xATR,162,52.46913580246913,-0.04090355220147873,0.9615184011784892,-27.815549618259283,9.036670547147846,-0.4812931777331886,-5.326001155205269
^NDX,3,20,close>5SMA,nostop,205,63.90243902439025,0.1645709634332311,1.1986669583637704,-47.604765482857225,14.449941792782306,0.8157780469179476,5.645545557321386
^NDX,3,20,close>5SMA,2xATR,217,61.75115207373272,-0.011916320275915946,0.9877396433492704,-28.839206500922742,12.892898719441211,-0.3884468604499425,-3.012874520329576
^NDX,3,20,RSI>65,nostop,179,71.50837988826815,0.5823557211079885,1.6678536809561537,-45.042951562994794,20.41618160651921,3.3977863172753198,16.642614092883818
^NDX,3,20,RSI>65,2xATR,198,66.16161616161617,0.13910597866776045,1.113360856285653,-26.18440400887859,16.661816065192085,0.6294334060934714,3.777699883558372
^NDX,3,20,time3d,nostop,233,50.21459227467812,-0.08328875386409008,0.9178340445993782,-46.33637295976241,13.562281722933644,-1.1050426469337182,-8.147911019022008
^NDX,3,20,time3d,2xATR,236,48.728813559322035,-0.08528896922144964,0.9155240569929163,-39.783157357522306,13.30034924330617,-1.0299255292333664,-7.743597633360716
^NDX,3,30,close>5SMA,nostop,332,60.8433734939759,-0.0033451313649476644,0.9961659741125559,-57.40618005342597,23.28288707799767,-0.5720900297346732,-2.4571266777104213
^NDX,3,30,close>5SMA,2xATR,369,60.16260162601627,-0.19499485401429315,0.8162220389950049,-63.51094240236477,21.129220023282887,-3.043733058741571,-14.405326156798951
^NDX,3,30,RSI>65,nostop,276,67.3913043478261,0.30776048878575124,1.3516765209259685,-51.43272789307953,30.020372526193245,2.5796435081711477,8.592976339385423
^NDX,3,30,RSI>65,2xATR,326,64.41717791411043,-0.001420388418341117,0.998848243355987,-33.77014386308268,25.40745052386496,-0.5647773497782671,-2.2228808405935
^NDX,3,30,time3d,nostop,391,50.127877237851656,-0.08406482851601679,0.9211360000433144,-49.191350069880926,22.759022118742724,-1.826916272944612,-8.027217792631312
^NDX,3,30,time3d,2xATR,400,49.75,-0.08774469562126758,0.9170097897475967,-43.89276845301986,22.555296856810244,-1.7778248227572346,-7.882072375475946
^NDX,4,5,close>5SMA,nostop,2,50.0,-0.30999901166728333,0.3970306780334425,-3.338047178918646,0.11641443538998836,-0.02294175774247842,-19.706969900788962
^NDX,4,5,close>5SMA,2xATR,2,50.0,-1.487660351043535,0.12065483979416641,-3.377196956485018,0.1018626309662398,-0.11102590687688263,-108.99571886541965
^NDX,4,5,RSI>65,nostop,2,0.0,-2.568230908601832,0.0,-8.859563293477136,0.6839348079161817,-0.19123225273451894,-27.960596612587533
^NDX,4,5,RSI>65,2xATR,2,0.0,-3.0940044791113284,0.0,-6.88695901597648,0.21827706635622815,-0.22983227457343824,-105.29382605791118
^NDX,4,5,time3d,nostop,2,50.0,-0.30999901166728333,0.3970306780334425,-3.338047178918646,0.11641443538998836,-0.02294175774247842,-19.706969900788962
^NDX,4,5,time3d,2xATR,2,50.0,-1.487660351043535,0.12065483979416641,-3.377196956485018,0.1018626309662398,-0.11102590687688263,-108.99571886541965
^NDX,4,10,close>5SMA,nostop,16,50.0,0.9762526440551894,2.048040128849851,-13.397711416251157,1.2514551804423748,0.5107448784595681,40.81207912528083
^NDX,4,10,close>5SMA,2xATR,17,52.94117647058824,1.0553393008719347,2.20591499325309,-9.16301155537348,1.1059371362048895,0.6022639431840116,54.457339704743774
^NDX,4,10,RSI>65,nostop,14,57.14285714285714,-0.27729535524866505,0.895216966427475,-30.62674080923187,3.6816065192083816,-0.29042794716570564,-7.888619972026598
^NDX,4,10,RSI>65,2xATR,16,50.0,0.503048932590252,1.2950594073740482,-14.943667602992294,2.1827706635622817,0.21830448688053838,10.001256225620399
^NDX,4,10,time3d,nostop,19,47.368421052631575,0.6203509898534074,1.7935463690955438,-8.89262442546882,1.1059371362048895,0.3980679221214478,35.993720537086695
^NDX,4,10,time3d,2xATR,19,47.368421052631575,0.5348685940262311,1.6167569563271211,-10.30273706449043,1.0913853317811408,0.3365896315409289,30.840585972656847
^NDX,4,15,close>5SMA,nostop,57,73.68421052631578,0.3649627465296598,1.3244179598372616,-35.95068491823182,3.8707799767171127,0.5007146713458033,12.935756471760753
^NDX,4,15,close>5SMA,2xATR,58,74.13793103448276,0.8058058736733511,2.1544551253877064,-11.636539900261678,3.288707799767171,1.6158801280688362,49.13419575260638
^NDX,4,15,RSI>65,nostop,51,72.54901960784314,0.9175774284197915,1.6437556579343393,-43.65895497805413,9.167636786961584,1.4007919568038263,15.279749725644276
^NDX,4,15,RSI>65,2xATR,57,66.66666666666666,1.1143549594898658,1.9862903814266322,-15.800911377462478,6.839348079161817,2.1741721635830213,31.789172570516
^NDX,4,15,time3d,nostop,63,55.55555555555556,0.15294885644460257,1.1287636131871177,-31.319117216458146,3.667054714784633,0.09975932792103404,2.7204210375926428
^NDX,4,15,time3d,2xATR,63,55.55555555555556,0.4870318720666565,1.57046615592325,-11.153696800888913,3.5506402793946448,1.0192638396737008,28.706479943597017
^NDX,4,20,close>5SMA,nostop,117,72.64957264957265,0.38438849592768126,1.480416763410697,-42.73155014365655,7.90162980209546,1.3315935645108468,16.852138076093073
^NDX,4,20,close>5SMA,2xATR,125,67.2,0.2665546385065428,1.3177023797696044,-22.8689071466636,7.0867287543655415,1.0492430492636595,14.805745861478169
^NDX,4,20,RSI>65,nostop,99,72.72727272727273,0.9655229428544713,1.8255900662609923,-48.40210920571386,15.78870779976717,3.1153980032459394,19.73181113207935
^NDX,4,20,RSI>65,2xATR,116,65.51724137931035,0.6758406531042828,1.532779478350663,-22.34691559567068,12.19441210710128,2.6026842394251126,21.343253094665123
^NDX,4,20,time3d,nostop,129,58.91472868217055,0.34538933723552023,1.5090621645837887,-19.459823567794533,7.508731082654249,1.5090791284924965,20.097658470931076
^NDX,4,20,time3d,2xATR,133,54.88721804511278,0.11814663391022892,1.133209484608588,-26.376927264738026,7.406868451688009,0.4006043829481998,5.408552690805558
^NDX,4,30,close>5SMA,nostop,242,61.98347107438017,0.10090538597198721,1.119889461312106,-52.23059566404451,17.200232828870778,0.4407539924837556,2.562488524829415
^NDX,4,30,close>5SMA,2xATR,269,61.71003717472119,-0.03999175182455343,0.9603538897165272,-42.09942968471281,15.846915017462166,-0.7507762732068324,-4.737680945341921
^NDX,4,30,RSI>65,nostop,185,70.8108108108108,0.5934068749111908,1.5495041965929546,-51.708743304106264,28.783469150174625,3.4436315875218337,11.963921268680506
^NDX,4,30,RSI>65,2xATR,227,61.23348017621145,0.23212076853766847,1.1600619832782515,-33.904563534550455,22.80267753201397,1.3525035630521431,5.931336621119545
^NDX,4,30,time3d,nostop,285,48.771929824561404,-0.13298799367783792,0.8748398037415007,-53.13553534956243,16.58905704307334,-1.8461152320331853,-11.12851217064215
^NDX,4,30,time3d,2xATR,292,47.94520547945205,-0.09460798480279922,0.9091754205438477,-43.2242762501787,16.458090803259605,-1.3682655586837345,-8.313634765052717
^GDAXI,1,5,close>5SMA,nostop,931,50.26852846401718,-0.2510233415162989,0.6000084810272485,-92.11144701264516,52.367379255740296,-9.422124412416366,-17.992354298279214
^GDAXI,1,5,close>5SMA,2xATR,1018,51.178781925343806,-0.2264993516588467,0.6466763742928157,-91.75175989009449,48.26603325415677,-9.240768688879019,-19.145490246151905
^GDAXI,1,5,RSI>65,nostop,1083,47.46075715604802,-0.29235600500311115,0.530726477096197,-96.47895478624616,47.648456057007124,-12.373052429732,-25.96737324485131
^GDAXI,1,5,RSI>65,2xATR,1123,47.46215494211932,-0.24093264379556403,0.5843432436894013,-94.20818412733999,46.04908946951702,-10.608517561383534,-23.037410041312594
^GDAXI,1,5,time3d,nostop,823,49.817739975698665,-0.2170644004009711,0.7418791961162502,-87.71969280510352,52.11401425178147,-7.504773036312007,-14.400681168128328
^GDAXI,1,5,time3d,2xATR,833,49.21968787515006,-0.16595704527467892,0.7911672469914045,-81.52030657452197,51.36975455265242,-5.901229514370554,-11.487751042925415
^GDAXI,1,10,close>5SMA,nostop,931,50.26852846401718,-0.2510233415162989,0.6000084810272485,-92.11144701264516,52.367379255740296,-9.422124412416366,-17.992354298279214
^GDAXI,1,10,close>5SMA,2xATR,1018,51.178781925343806,-0.2264993516588467,0.6466763742928157,-91.75175989009449,48.26603325415677,-9.240768688879019,-19.145490246151905
^GDAXI,1,10,RSI>65,nostop,1083,47.46075715604802,-0.29235600500311115,0.530726477096197,-96.47895478624616,47.648456057007124,-12.373052429732,-25.96737324485131
^GDAXI,1,10,RSI>65,2xATR,1123,47.46215494211932,-0.24093264379556403,0.5843432436894013,-94.20818412733999,46.04908946951702,-10.608517561383534,-23.037410041312594
^GDAXI,1,10,time3d,nostop,823,49.817739975698665,-0.2170644004009711,0.7418791961162502,-87.71969280510352,52.11401425178147,-7.504773036312007,-14.400681168128328
^GDAXI,1,10,time3d,2xATR,833,49.21968787515006,-0.16595704527467892,0.7911672469914045,-81.52030657452197,51.36975455265242,-5.901229514370554,-11.487751042925415
^GDAXI,1,15,close>5SMA,nostop,931,50.26852846401718,-0.2510233415162989,0.6000084810272485,-92.11144701264516,52.367379255740296,-9.422124412416366,-17.992354298279214
^GDAXI,1,15,close>5SMA,2xATR,1018,51.178781925343806,-0.2264993516588467,0.6466763742928157,-91.75175989009449,48.26603325415677,-9.240768688879019,-19.145490246151905
^GDAXI,1,15,RSI>65,nostop,1083,47.46075715604802,-0.29235600500311115,0.530726477096197,-96.47895478624616,47.648456057007124,-12.373052429732,-25.96737324485131
^GDAXI,1,15,RSI>65,2xATR,1123,47.46215494211932,-0.24093264379556403,0.5843432436894013,-94.20818412733999,46.04908946951702,-10.608517561383534,-23.037410041312594
^GDAXI,1,15,time3d,nostop,823,49.817739975698665,-0.2170644004009711,0.7418791961162502,-87.71969280510352,52.11401425178147,-7.504773036312007,-14.400681168128328
^GDAXI,1,15,time3d,2xATR,833,49.21968787515006,-0.16595704527467892,0.7911672469914045,-81.52030657452197,51.36975455265242,-5.901229514370554,-11.487751042925415
^GDAXI,1,20,close>5SMA,nostop,931,50.26852846401718,-0.2510233415162989,0.6000084810272485,-92.11144701264516,52.367379255740296,-9.422124412416366,-17.992354298279214
^GDAXI,1,20,close>5SMA,2xATR,1018,51.178781925343806,-0.2264993516588467,0.6466763742928157,-91.75175989009449,48.26603325415677,-9.240768688879019,-19.145490246151905
^GDAXI,1,20,RSI>65,nostop,1083,47.46075715604802,-0.29235600500311115,0.530726477096197,-96.47895478624616,47.648456057007124,-12.373052429732,-25.96737324485131
^GDAXI,1,20,RSI>65,2xATR,1123,47.46215494211932,-0.24093264379556403,0.5843432436894013,-94.20818412733999,46.04908946951702,-10.608517561383534,-23.037410041312594
^GDAXI,1,20,time3d,nostop,823,49.817739975698665,-0.2170644004009711,0.7418791961162502,-87.71969280510352,52.11401425178147,-7.504773036312007,-14.400681168128328
^GDAXI,1,20,time3d,2xATR,833,49.21968787515006,-0.16595704527467892,0.7911672469914045,-81.52030657452197,51.36975455265242,-5.901229514370554,-11.487751042925415
^GDAXI,1,30,close>5SMA,nostop,931,50.26852846401718,-0.2510233415162989,0.6000084810272485,-92.11144701264516,52.367379255740296,-9.422124412416366,-17.992354298279214
^GDAXI,1,30,close>5SMA,2xATR,1018,51.178781925343806,-0.2264993516588467,0.6466763742928157,-91.75175989009449,48.26603325415677,-9.240768688879019,-19.145490246151905
^GDAXI,1,30,RSI>65,nostop,1083,47.46075715604802,-0.29235600500311115,0.530726477096197,-96.47895478624616,47.648456057007124,-12.373052429732,-25.96737324485131
^GDAXI,1,30,RSI>65,2xATR,1123,47.46215494211932,-0.24093264379556403,0.5843432436894013,-94.20818412733999,46.04908946951702,-10.608517561383534,-23.037410041312594
^GDAXI,1,30,time3d,nostop,823,49.817739975698665,-0.2170644004009711,0.7418791961162502,-87.71969280510352,52.11401425178147,-7.504773036312007,-14.400681168128328
^GDAXI,1,30,time3d,2xATR,833,49.21968787515006,-0.16595704527467892,0.7911672469914045,-81.52030657452197,51.36975455265242,-5.901229514370554,-11.487751042925415
^GDAXI,2,5,close>5SMA,nostop,88,68.18181818181817,-0.10829236599810939,0.8682760389733253,-25.650032970638748,6.9358669833729225,-0.50541285252792,-7.286945579255285
^GDAXI,2,5,close>5SMA,2xATR,92,68.47826086956522,0.058428403214727,1.0860611333868504,-12.895644635229697,5.859065716547902,0.15051389044942187,2.5689059951029702
^GDAXI,2,5,RSI>65,nostop,86,65.11627906976744,-0.06240210615443331,0.931993846322796,-24.993353834003706,8.091844813935076,-0.35800698080279414,-4.424293706007132
^GDAXI,2,5,RSI>65,2xATR,92,64.13043478260869,0.05909618513576343,1.073681210563876,-16.978938541123135,6.69833729216152,0.1367279824177281,2.0412227162362955
^GDAXI,2,5,time3d,nostop,94,47.87234042553192,-0.04869837554936991,0.9451034995430122,-18.726587140188023,5.954077593032463,-0.29253448206985055,-4.913178867742303
^GDAXI,2,5,time3d,2xATR,95,47.368421052631575,0.11406172944689746,1.159413403784515,-12.592847776011428,5.779889152810768,0.35132249145737315,6.078360365899483
^GDAXI,2,10,close>5SMA,nostop,169,60.946745562130175,-0.17454356592041279,0.796980874205728,-41.81186655732733,13.570863024544735,-1.3949221772424192,-10.278802274545948
^GDAXI,2,10,close>5SMA,2xATR,185,58.91891891891892,-0.11759740227114468,0.8515340758596005,-33.51092211356449,12.082343626286619,-1.0029006608355262,-8.300547409143313
^GDAXI,2,10,RSI>65,nostop,159,59.74842767295597,-0.1573432615336954,0.8309832862312173,-39.74312647387125,15.01187648456057,-1.2431341868463397,-8.281004630732737
^GDAXI,2,10,RSI>65,2xATR,177,57.06214689265536,-0.18642440301018454,0.7979441182735162,-39.656032204151,13.11163895486936,-1.4637268220743294,-11.163568697342258
^GDAXI,2,10,time3d,nostop,193,50.259067357512954,-0.12369502354658889,0.8543372298382315,-32.88857505318791,12.22486144101346,-1.1134469809299552,-9.10805399556045
^GDAXI,2,10,time3d,2xATR,197,48.73096446700508,-0.09589445930875161,0.8796321569239328,-29.051470810151713,11.971496437054633,-0.8938006083899941,-7.466072542305308
^GDAXI,2,15,close>5SMA,nostop,249,59.036144578313255,-0.23603456030704867,0.7204534896649043,-56.54597181600495,19.287410926365794,-2.594245111672211,-13.450458029729075
^GDAXI,2,15,close>5SMA,2xATR,278,57.194244604316545,-0.2730464817002393,0.6823323964555614,-62.87305083769517,17.086302454473476,-3.18628634184438,-18.648191148051215
^GDAXI,2,15,RSI>65,nostop,233,58.798283261802574,-0.17044009110878772,0.8111718156348873,-49.89230645487094,20.83927157561362,-1.880036824156428,-9.02160527701204
^GDAXI,2,15,RSI>65,2xATR,268,57.46268656716418,-0.24775247929570654,0.7371796184366071,-61.06733688654435,18.147268408551067,-2.842829658982726,-15.665330974237275
^GDAXI,2,15,time3d,nostop,285,46.31578947368421,-0.2297791419344193,0.758509077372796,-56.814091408346776,18.052256532066508,-2.8490842710681474,-15.782427343680133
^GDAXI,2,15,time3d,2xATR,294,45.91836734693878,-0.22364979248501016,0.7597106054377097,-57.26944547427366,17.81472684085511,-2.8418887120517655,-15.952468636983909
^GDAXI,2,20,close>5SMA,nostop,319,59.56112852664577,-0.19405775185116386,0.750321328699764,-58.7220646070642,24.05384006334125,-2.7554990361331466,-11.45554734244952
^GDAXI,2,20,close>5SMA,2xATR,357,58.26330532212886,-0.23980875483123695,0.7029841968998063,-67.75171084006058,21.583531274742676,-3.5963898954778584,-16.662657512797267
^GDAXI,2,20,RSI>65,nostop,294,60.204081632653065,-0.15185882985143095,0.819692696923114,-53.66597497508605,25.748218527315913,-2.1176392856995463,-8.22441087896226
^GDAXI,2,20,RSI>65,2xATR,339,58.70206489675516,-0.2500543143471348,0.7236981779282731,-69.09936774880153,22.723673792557403,-3.5944794785118916,-15.818214569200416
^GDAXI,2,20,time3d,nostop,365,43.83561643835616,-0.32541167532886345,0.662511506943851,-73.83244533091138,23.072050673000792,-4.965276078013414,-21.52074017340749
^GDAXI,2,20,time3d,2xATR,372,43.54838709677419,-0.3013088488076525,0.6746958645460659,-71.4184596455,22.755344418052257,-4.657503934446517,-20.46773649688918
^GDAXI,2,30,close>5SMA,nostop,426,59.154929577464785,-0.23465372416155095,0.6962847148615602,-70.11416276611779,30.973871733966746,-4.279855794631104,-13.817632588494593
^GDAXI,2,30,close>5SMA,2xATR,490,58.77551020408164,-0.2696578622690556,0.6661490959266331,-77.83847976117416,28.53523357086302,-5.451377701913729,-19.104023411534516
^GDAXI,2,30,RSI>65,nostop,392,60.45918367346938,-0.18951600371228425,0.7669435684645265,-62.781704514701886,32.73159144893112,-3.323831405852107,-10.154811479417539
^GDAXI,2,30,RSI>65,2xATR,459,59.47712418300654,-0.27327059276418153,0.6932112853393534,-76.76854645728581,29.754552652414883,-5.226748062100928,-17.566212885666502
^GDAXI,2,30,time3d,nostop,484,46.48760330578512,-0.2860462516372335,0.6966720464414091,-78.26464012749477,30.641330166270787,-5.790480558929623,-18.897614847359467
^GDAXI,2,30,time3d,2xATR,499,45.89178356713427,-0.2793496797526541,0.6980151263097374,-77.89082385445148,30.60965954077593,-5.785709939717265,-18.901582136220654
^GDAXI,3,5,close>5SMA,nostop,13,38.46153846153847,-0.4685151281869253,0.455049648998438,-11.823288099915818,1.1559778305621538,-0.25045480942558207,-21.66605645921302
^GDAXI,3,5,close>5SMA,2xATR,13,38.46153846153847,-0.7549616653817618,0.3413268878946788,-11.998859835079612,0.934283452098179,-0.40169211735364696,-42.994673238784415
^GDAXI,3,5,RSI>65,nostop,11,63.63636363636363,-0.411545932276773,0.6787004726014134,-13.038402669325755,1.6943784639746635,-0.19723512075425775,-11.640558762272315
^GDAXI,3,5,RSI>65,2xATR,13,46.15384615384615,-0.8251380629453391,0.46223473939345494,-13.979984121678468,1.330166270783848,-0.4442596471601834,-33.39880561686379
^GDAXI,3,5,time3d,nostop,13,38.46153846153847,-1.1971533564622807,0.3156644488223383,-17.4030089173422,0.8234362628661916,-0.6406573814240923,-77.80291084025275
^GDAXI,3,5,time3d,2xATR,13,38.46153846153847,-0.8290173314214657,0.3997977620538223,-13.155055299407891,0.7759303246239113,-0.441612777221867,-56.91397322767531
^GDAXI,3,10,close>5SMA,nostop,55,60.0,0.04756721080229207,1.0662406182103537,-14.387383253983598,4.528899445764053,0.054034324106577714,1.1931005480176164
^GDAXI,3,10,close>5SMA,2xATR,59,61.016949152542374,0.06887098956040165,1.0970675223489375,-13.892141523348434,3.927157561361837,0.1163949144044496,2.9638463083229807
^GDAXI,3,10,RSI>65,nostop,49,69.38775510204081,0.12277882130735392,1.11429713242991,-20.818201856736717,7.18923198733175,0.13253257021887954,1.8434871826700976
^GDAXI,3,10,RSI>65,2xATR,56,62.5,0.1011064842902964,1.095515527702814,-15.8281067795087,5.859065716547902,0.14145727232446337,2.414331553321584
^GDAXI,3,10,time3d,nostop,60,48.333333333333336,0.048686343777666535,1.0540786178692205,-20.04759370866419,3.800475059382423,0.03933782622174142,1.035076552459571
^GDAXI,3,10,time3d,2xATR,62,45.16129032258064,0.16980941198151486,1.2396349316759232,-15.09747221324954,3.737133808392716,0.36264770428815485,9.703899375337702
^GDAXI,3,15,close>5SMA,nostop,107,69.1588785046729,-0.1113007328842835,0.8543986465671557,-28.203974534492204,8.424386381631036,-0.5832190455542507,-6.922985474953183
^GDAXI,3,15,close>5SMA,2xATR,116,65.51724137931035,-0.11540626297261111,0.8478851640505822,-27.927651046073787,7.410926365795724,-0.6164873099775314,-8.318626842966049
^GDAXI,3,15,RSI>65,nostop,94,67.02127659574468,0.20658163891510406,1.2390067303698544,-21.990865110898884,12.47822644497229,0.6199820299256809,4.96851081088918
^GDAXI,3,15,RSI>65,2xATR,107,62.616822429906534,0.012062530370347775,1.0117817195220926,-24.859531499385422,10.182106096595406,-0.07574346166949741,-0.7438879633637266
^GDAXI,3,15,time3d,nostop,118,53.38983050847458,-0.014288811116782745,0.9804666912356631,-16.379961876635306,7.474267616785432,-0.15941531543606224,-2.1328553325820616
^GDAXI,3,15,time3d,2xATR,122,50.81967213114754,-0.029720749998065846,0.9580677595743345,-19.509128088472327,7.410926365795724,-0.22921111895447543,-3.092880803840839
^GDAXI,3,20,close>5SMA,nostop,164,61.58536585365854,-0.1848771830548496,0.7854272641075651,-44.10397681155306,13.064133016627078,-1.419021669700249,-10.861965871705543
^GDAXI,3,20,close>5SMA,2xATR,185,58.37837837837838,-0.23098611177922324,0.7368131972237185,-46.52148971532441,11.718131433095804,-1.8416446296774303,-15.716197076233744
^GDAXI,3,20,RSI>65,nostop,139,65.46762589928058,0.07809790895059714,1.076138759656315,-28.55059552549697,18.24228028503563,0.11471718107203266,0.6288532972828873
^GDAXI,3,20,RSI>65,2xATR,168,61.904761904761905,0.03352018394808487,1.032594969850099,-28.005408884919436,15.407759303246237,0.017349261922761094,0.11260081093755017
^GDAXI,3,20,time3d,nostop,194,45.36082474226804,-0.179831946806938,0.7948347138199414,-43.914889153754,12.288202692003166,-1.549233379869197,-12.607485559115954
^GDAXI,3,20,time3d,2xATR,199,44.221105527638194,-0.23822320794941948,0.7382958345786156,-48.87281879889548,12.098178939034046,-2.0417965321633424,-16.876891492947
^GDAXI,3,30,close>5SMA,nostop,289,59.16955017301038,-0.18508640749271976,0.7686498062908326,-57.800595633418475,22.058590657165478,-2.4115447288514447,-10.932451516652458
^GDAXI,3,30,close>5SMA,2xATR,330,57.57575757575758,-0.2273102812343579,0.7195574857637556,-65.84174907325794,20.0,-3.169749406426603,-15.848747032133014
^GDAXI,3,30,RSI>65,nostop,225,65.77777777777779,0.01925257776732408,1.0201842612831316,-40.297892633520945,27.917656373713378,-0.24756155320702078,-0.886756215826623
^GDAXI,3,30,RSI>65,2xATR,282,60.99290780141844,-0.08712326187251065,0.9149339494072568,-51.79912537525043,23.75296912114014,-1.2753521169279525,-5.369232412266681
^GDAXI,3,30,time3d,nostop,336,45.23809523809524,-0.24721860727009737,0.7394808082434954,-66.23001632003312,21.282660332541568,-3.5594325913595015,-16.724566082169087
^GDAXI,3,30,time3d,2xATR,346,44.50867052023121,-0.2706145208395346,0.7109770477662457,-69.4182642721322,21.092636579572446,-3.93937323543897,-18.676533019367188
^GDAXI,4,5,close>5SMA,nostop,4,75.0,0.46483950485652636,1.8987583868250937,-3.613771565433843,0.34837688044338877,0.07194102403818015,20.650343945504893
^GDAXI,4,5,close>5SMA,2xATR,4,75.0,-0.041903429922077184,0.9590764752741984,-5.604699790598944,0.3167062549485352,-0.011374072397396517,-3.5913633594779504
^GDAXI,4,5,RSI>65,nostop,4,75.0,2.454051813493824,66.09615271593044,-4.801739734657051,0.6017418844022169,0.3849288976875753,63.96910497097469
^GDAXI,4,5,RSI>65,2xATR,4,75.0,1.4678059000935746,2.433481487240013,-4.51201886563859,0.45922406967537605,0.22390696801366516,48.75767251745847
^GDAXI,4,5,time3d,nostop,4,50.0,-0.5815522163764075,0.3358541652374096,-5.461998920914535,0.2533650039588282,-0.09512953554319248,-37.54643855970378
^GDAXI,4,5,time3d,2xATR,4,50.0,-0.5815522163764075,0.3358541652374096,-5.461998920914535,0.2533650039588282,-0.09512953554319248,-37.54643855970378
^GDAXI,4,10,close>5SMA,nostop,16,37.5,-0.671167381201173,0.3486062529359808,-15.899100358048779,1.4410134600158353,-0.4386569063505652,-30.440861138503507
^GDAXI,4,10,close>5SMA,2xATR,16,37.5,-0.845545214826806,0.29814763108473813,-14.794489065542027,1.07680126682502,-0.5510706059519643,-51.17663053803903
^GDAXI,4,10,RSI>65,nostop,14,57.14285714285714,-1.2080385290704552,0.39659303465044043,-26.261983343081052,3.4996041171813146,-0.7123466112026411,-20.355062668527957
^GDAXI,4,10,RSI>65,2xATR,16,31.25,-1.4382868095220331,0.27789608215631734,-24.00650924743384,2.058590657165479,-0.937466166998191,-45.53922188148905
^GDAXI,4,10,time3d,nostop,17,41.17647058823529,-1.0836253111438583,0.33076848013628374,-19.804647056695202,1.07680126682502,-0.7575845221634236,-70.35509202150028
^GDAXI,4,10,time3d,2xATR,17,41.17647058823529,-0.6473497503559849,0.45275867017549637,-13.37230521138234,0.9976247030878859,-0.45156321481022443,-45.26383653216774
^GDAXI,4,15,close>5SMA,nostop,47,59.57446808510638,0.06851615049429606,1.0897328095527465,-12.140016406492549,3.8638163103721297,0.08151226404176093,2.1096309320644275
^GDAXI,4,15,close>5SMA,2xATR,50,57.99999999999999,-0.0952007199389295,0.8933369857245189,-17.517397595022622,3.198733174980206,-0.23582210737475018,-7.3723594458987485
^GDAXI,4,15,RSI>65,nostop,42,69.04761904761905,0.26311360340175843,1.2164769397614674,-24.233874041313243,8.12351543942993,0.32057032210213166,3.946201918274778
^GDAXI,4,15,RSI>65,2xATR,48,52.083333333333336,-0.22664401404378204,0.8490484985484759,-22.845780076784607,5.463182897862233,-0.5257831478325592,-9.624117619022062
^GDAXI,4,15,time3d,nostop,51,47.05882352941176,-0.030573753676902977,0.9733793465938266,-19.739540655216594,3.2304038004750595,-0.14706481789893422,-4.552521201136125
^GDAXI,4,15,time3d,2xATR,52,46.15384615384615,0.19417862563961297,1.2152168044398124,-17.007948423523434,3.0878859857482186,0.337413102294315,10.926993543531276
^GDAXI,4,20,close>5SMA,nostop,92,66.30434782608695,-0.1160679700631691,0.853511351768279,-28.439729701304405,7.252573238321457,-0.5288670941173801,-7.292130347928505
^GDAXI,4,20,close>5SMA,2xATR,101,61.386138613861384,-0.1435023950244654,0.815526194307055,-29.326502569244838,6.429136975455266,-0.6504143765940218,-10.116666965988294
^GDAXI,4,20,RSI>65,nostop,73,68.4931506849315,0.1025817724746916,1.0869206977524382,-26.18904135869251,13.60253365003959,0.11687619617057887,0.859223723884989
^GDAXI,4,20,RSI>65,2xATR,87,56.32183908045977,-0.15985328051671124,0.881913216773378,-31.273331174737486,10.197941409342834,-0.6932947913964038,-6.79837982557188
^GDAXI,4,20,time3d,nostop,105,50.476190476190474,-0.13514626010958172,0.8398178453166638,-27.040876152416182,6.65083135391924,-0.6545139034013103,-9.841084047569701
^GDAXI,4,20,time3d,2xATR,109,48.62385321100918,-0.11375843098845721,0.8578748924800345,-24.773373393380737,6.6191607284243865,-0.5777791581319969,-8.72888847752048
^GDAXI,4,30,close>5SMA,nostop,202,58.415841584158414,-0.2525646660010349,0.7144435130742834,-54.27062033692953,16.326207442596992,-2.2699309939037016,-13.903602547528491
^GDAXI,4,30,close>5SMA,2xATR,233,55.793991416309005,-0.2575913675910594,0.6974903496307356,-55.49080203593737,14.837688044338876,-2.541335839867198,-17.127572922904328
^GDAXI,4,30,RSI>65,nostop,147,64.62585034013605,0.07726520103293624,1.064765417190392,-33.322422792718406,24.798099762470308,0.047872076005694986,0.19304735630649034
^GDAXI,4,30,RSI>65,2xATR,193,59.067357512953365,0.05575628528748185,1.046940424925121,-25.495181342161523,20.205859065716545,0.135825700870984,0.6722094835425267
^GDAXI,4,30,time3d,nostop,241,43.56846473029046,-0.34025801494781777,0.6496902777137463,-62.668566658534615,15.265241488519399,-3.4285174950187347,-22.459634835107167
^GDAXI,4,30,time3d,2xATR,250,44.0,-0.3010250815638636,0.6758629068070404,-59.793379816081035,15.328582739509105,-3.1531326100646018,-20.570281438592932
^FTSE,1,5,close>5SMA,nostop,1046,42.734225621414915,-0.33381770505397024,0.4009107455923512,-97.31330065410243,51.84982935153584,-11.669735846069873,-22.506797017499164
^FTSE,1,5,close>5SMA,2xATR,1145,43.056768558951966,-0.34630901664801306,0.40650930417778447,-98.25127569121972,47.972696245733786,-12.994451376570437,-27.08718165434788
^FTSE,1,5,RSI>65,nostop,1202,39.51747088186356,-0.3702768517889233,0.3352050853755423,-98.92931314403124,47.31740614334471,-14.443146729411682,-30.52396127897881
^FTSE,1,5,RSI>65,2xATR,1253,39.8244213886672,-0.3751766301583423,0.3370389409157703,-99.1565667010354,45.774744027303754,-15.150266441731297,-33.09743563545534
^FTSE,1,5,time3d,nostop,941,41.55154091392136,-0.3024324559567226,0.5859942030578209,-94.77318670608699,51.35836177474403,-9.636524712072813,-18.763302369998232
^FTSE,1,5,time3d,2xATR,949,41.0958904109589,-0.3264060915722125,0.5634803889293041,-95.9810122724473,50.634812286689424,-10.415916023645677,-20.57066186929215
^FTSE,1,10,close>5SMA,nostop,1046,42.734225621414915,-0.33381770505397024,0.4009107455923512,-97.31330065410243,51.84982935153584,-11.669735846069873,-22.506797017499164
^FTSE,1,10,close>5SMA,2xATR,1145,43.056768558951966,-0.34630901664801306,0.40650930417778447,-98.25127569121972,47.972696245733786,-12.994451376570437,-27.08718165434788
^FTSE,1,10,RSI>65,nostop,1202,39.51747088186356,-0.3702768517889233,0.3352050853755423,-98.92931314403124,47.31740614334471,-14.443146729411682,-30.52396127897881
^FTSE,1,10,RSI>65,2xATR,1253,39.8244213886672,-0.3751766301583423,0.3370389409157703,-99.1565667010354,45.774744027303754,-15.150266441731297,-33.09743563545534
^FTSE,1,10,time3d,nostop,941,41.55154091392136,-0.3024324559567226,0.5859942030578209,-94.77318670608699,51.35836177474403,-9.636524712072813,-18.763302369998232
^FTSE,1,10,time3d,2xATR,949,41.0958904109589,-0.3264060915722125,0.5634803889293041,-95.9810122724473,50.634812286689424,-10.415916023645677,-20.57066186929215
^FTSE,1,15,close>5SMA,nostop,1046,42.734225621414915,-0.33381770505397024,0.4009107455923512,-97.31330065410243,51.84982935153584,-11.669735846069873,-22.506797017499164
^FTSE,1,15,close>5SMA,2xATR,1145,43.056768558951966,-0.34630901664801306,0.40650930417778447,-98.25127569121972,47.972696245733786,-12.994451376570437,-27.08718165434788
^FTSE,1,15,RSI>65,nostop,1202,39.51747088186356,-0.3702768517889233,0.3352050853755423,-98.92931314403124,47.31740614334471,-14.443146729411682,-30.52396127897881
^FTSE,1,15,RSI>65,2xATR,1253,39.8244213886672,-0.3751766301583423,0.3370389409157703,-99.1565667010354,45.774744027303754,-15.150266441731297,-33.09743563545534
^FTSE,1,15,time3d,nostop,941,41.55154091392136,-0.3024324559567226,0.5859942030578209,-94.77318670608699,51.35836177474403,-9.636524712072813,-18.763302369998232
^FTSE,1,15,time3d,2xATR,949,41.0958904109589,-0.3264060915722125,0.5634803889293041,-95.9810122724473,50.634812286689424,-10.415916023645677,-20.57066186929215
^FTSE,1,20,close>5SMA,nostop,1046,42.734225621414915,-0.33381770505397024,0.4009107455923512,-97.31330065410243,51.84982935153584,-11.669735846069873,-22.506797017499164
^FTSE,1,20,close>5SMA,2xATR,1145,43.056768558951966,-0.34630901664801306,0.40650930417778447,-98.25127569121972,47.972696245733786,-12.994451376570437,-27.08718165434788
^FTSE,1,20,RSI>65,nostop,1202,39.51747088186356,-0.3702768517889233,0.3352050853755423,-98.92931314403124,47.31740614334471,-14.443146729411682,-30.52396127897881
^FTSE,1,20,RSI>65,2xATR,1253,39.8244213886672,-0.3751766301583423,0.3370389409157703,-99.1565667010354,45.774744027303754,-15.150266441731297,-33.09743563545534
^FTSE,1,20,time3d,nostop,941,41.55154091392136,-0.3024324559567226,0.5859942030578209,-94.77318670608699,51.35836177474403,-9.636524712072813,-18.763302369998232
^FTSE,1,20,time3d,2xATR,949,41.0958904109589,-0.3264060915722125,0.5634803889293041,-95.9810122724473,50.634812286689424,-10.415916023645677,-20.57066186929215
^FTSE,1,30,close>5SMA,nostop,1046,42.734225621414915,-0.33381770505397024,0.4009107455923512,-97.31330065410243,51.84982935153584,-11.669735846069873,-22.506797017499164
^FTSE,1,30,close>5SMA,2xATR,1145,43.056768558951966,-0.34630901664801306,0.40650930417778447,-98.25127569121972,47.972696245733786,-12.994451376570437,-27.08718165434788
^FTSE,1,30,RSI>65,nostop,1202,39.51747088186356,-0.3702768517889233,0.3352050853755423,-98.92931314403124,47.31740614334471,-14.443146729411682,-30.52396127897881
^FTSE,1,30,RSI>65,2xATR,1253,39.8244213886672,-0.3751766301583423,0.3370389409157703,-99.1565667010354,45.774744027303754,-15.150266441731297,-33.09743563545534
^FTSE,1,30,time3d,nostop,941,41.55154091392136,-0.3024324559567226,0.5859942030578209,-94.77318670608699,51.35836177474403,-9.636524712072813,-18.763302369998232
^FTSE,1,30,time3d,2xATR,949,41.0958904109589,-0.3264060915722125,0.5634803889293041,-95.9810122724473,50.634812286689424,-10.415916023645677,-20.57066186929215
^FTSE,2,5,close>5SMA,nostop,96,54.166666666666664,-0.01701280677194005,0.966931131561452,-12.664413197351099,6.334470989761091,-0.0884055648275206,-1.3956266430206647
^FTSE,2,5,close>5SMA,2xATR,101,53.46534653465347,-0.23213640253314025,0.6787267109992029,-22.849797047757203,5.665529010238908,-0.8479239721034482,-14.966368905199415
^FTSE,2,5,RSI>65,nostop,95,57.89473684210527,0.03253470000358442,1.0642250167786285,-15.436379006820179,7.058020477815699,0.07127758699443376,1.0098807054820644
^FTSE,2,5,RSI>65,2xATR,101,57.42574257425742,-0.2467466934680297,0.6853148902462698,-24.504180087918048,6.047781569965871,-0.9031864848611182,-14.934178333200204
^FTSE,2,5,time3d,nostop,106,40.56603773584906,-0.22621858415990043,0.6680207792953796,-25.1663581225371,5.78839590443686,-0.8638625313737491,-14.924040194133756
^FTSE,2,5,time3d,2xATR,108,39.81481481481482,-0.2631653864231382,0.6353522685573486,-26.392703478726197,5.706484641638225,-1.0129583694947097,-17.751004919973084
^FTSE,2,10,close>5SMA,nostop,201,54.72636815920397,-0.13637094957839635,0.7750465980434474,-40.79485928563462,13.174061433447099,-1.1203717351263243,-8.504376124145415
^FTSE,2,10,close>5SMA,2xATR,223,54.7085201793722,-0.18096614107674655,0.7171049924734842,-39.448724546663506,12.081911262798634,-1.4585627733458284,-12.072285101421688
^FTSE,2,10,RSI>65,nostop,197,57.360406091370564,-0.08014520013514581,0.8688209842655656,-39.84740006253268,14.430034129692832,-0.7285589938021086,-5.048906934342901
^FTSE,2,10,RSI>65,2xATR,220,57.27272727272727,-0.14103554329206514,0.7927286378390889,-34.98793211513792,12.887372013651877,-1.1528377606149665,-8.945483682737954
^FTSE,2,10,time3d,nostop,228,43.859649122807014,-0.3084331372231528,0.6081911917805511,-57.50223003749903,12.409556313993173,-2.57406732026908,-20.742621695237638
^FTSE,2,10,time3d,2xATR,238,44.11764705882353,-0.26550125672239405,0.6425818895238592,-51.2868244440954,12.409556313993173,-2.2436530352443307,-18.08004233571477
^FTSE,2,15,close>5SMA,nostop,301,54.81727574750831,-0.18843784574806283,0.6935421204686862,-55.190783014905556,19.604095563139932,-2.1583695737877773,-11.00978908634782
^FTSE,2,15,close>5SMA,2xATR,336,55.05952380952381,-0.22039068772149326,0.6609578907004394,-58.397673320402845,18.02047781569966,-2.6318171431236936,-14.604591343470496
^FTSE,2,15,RSI>65,nostop,288,57.986111111111114,-0.1880503057106297,0.7136257578710861,-53.52908499723596,21.269624573378838,-2.0997359792767956,-9.871993612453485
^FTSE,2,15,RSI>65,2xATR,326,58.282208588957054,-0.18720642959506523,0.7227521309408768,-53.393376923881554,18.89419795221843,-2.2033197267031235,-11.661356212500275
^FTSE,2,15,time3d,nostop,356,46.62921348314607,-0.24264739529421295,0.6657779651779474,-64.66676469493471,19.412969283276453,-3.1488106495104584,-16.220139245895993
^FTSE,2,15,time3d,2xATR,363,45.73002754820937,-0.23948146072076992,0.6660697818221541,-63.41929935087827,19.12627986348123,-3.0821210880889405,-16.11458741631084
^FTSE,2,20,close>5SMA,nostop,377,57.824933687002655,-0.16904736194324196,0.7102780276825119,-59.60175399159182,23.767918088737204,-2.415196698491906,-10.161582892850781
^FTSE,2,20,close>5SMA,2xATR,421,57.24465558194775,-0.20763288117569312,0.6676085732709933,-65.21878549883333,22.02047781569966,-3.104406790720582,-14.097817571003262
^FTSE,2,20,RSI>65,nostop,363,61.70798898071625,-0.14656168791568647,0.7614361611829756,-54.51293579708756,25.73378839590444,-2.092960835791169,-8.133123672238892
^FTSE,2,20,RSI>65,2xATR,410,60.97560975609756,-0.1757008281809411,0.7334552987429716,-59.35260400404978,23.071672354948806,-2.6060002497058643,-11.295237768695536
^FTSE,2,20,time3d,nostop,435,46.89655172413793,-0.23684748092738694,0.6769164664484478,-69.4867199189249,23.726962457337883,-3.6780711063582716,-15.501651814772348
^FTSE,2,20,time3d,2xATR,445,46.06741573033708,-0.23294792452156274,0.6791128118547253,-70.2769434306729,23.61774744027304,-3.675189964813219,-15.56113670072649
^FTSE,2,30,close>5SMA,nostop,482,52.9045643153527,-0.3127845455703869,0.5181471581248613,-82.64402827446217,30.853242320819113,-5.3294097088640076,-17.273418636030467
^FTSE,2,30,close>5SMA,2xATR,547,52.6508226691042,-0.33690447108152466,0.5115930265310045,-86.67018871795489,28.464163822525595,-6.3236028288437,-22.216014734426906
^FTSE,2,30,RSI>65,nostop,455,54.72527472527473,-0.32692210124702603,0.5260127746033793,-81.90056968538438,32.92832764505119,-5.295366721489502,-16.08149304929959
^FTSE,2,30,RSI>65,2xATR,526,54.94296577946768,-0.3461517164202126,0.5307847974463844,-85.72977922699812,29.392491467576793,-6.266774093201056,-21.32100335935798
^FTSE,2,30,time3d,nostop,569,43.23374340949033,-0.3178785972549451,0.5891840359849391,-85.98965910385041,31.044368600682592,-6.286999649743685,-20.251658942116315
^FTSE,2,30,time3d,2xATR,583,43.22469982847341,-0.296006859658419,0.6142879634142127,-85.046605951194,30.907849829351537,-5.989111565672378,-19.377315467557494
^FTSE,3,5,close>5SMA,nostop,17,70.58823529411765,0.340793750955031,2.0711369609629977,-4.417346054368276,0.832764505119454,0.19460229566548026,23.36822648769906
^FTSE,3,5,close>5SMA,2xATR,17,64.70588235294117,-0.30307852771349936,0.6411168039275591,-9.82731065004896,0.7235494880546075,-0.1869258185072109,-25.834558878590943
^FTSE,3,5,RSI>65,nostop,17,64.70588235294117,-0.08581207416255206,0.9284618909610942,-16.65378960480067,2.4027303754266214,-0.0780217766606417,-3.247213147950002
^FTSE,3,5,RSI>65,2xATR,17,52.94117647058824,-0.5960643905326429,0.5873946201383239,-12.134212116211751,1.2969283276450512,-0.3666811091440847,-28.273043415583373
^FTSE,3,5,time3d,nostop,17,58.82352941176471,0.17085008462806625,1.2773922261380304,-5.942652333753829,0.9283276450511946,0.09014842852050897,9.710841748716591
^FTSE,3,5,time3d,2xATR,17,52.94117647058824,-0.2751200814807358,0.7258998449390951,-9.849666037495764,0.8600682593856654,-0.17513820473660235,-20.363291265009718
^FTSE,3,10,close>5SMA,nostop,62,59.67741935483871,0.032300255404094376,1.0723701155201635,-13.772698800964378,3.7679180887372015,0.05205363156568499,1.3814958377487048
^FTSE,3,10,close>5SMA,2xATR,66,59.09090909090909,-0.16774138988285003,0.7314282889489933,-18.592189499592237,3.426621160409556,-0.4047480328189468,-11.811869882066873
^FTSE,3,10,RSI>65,nostop,59,66.10169491525424,-0.07562433230167155,0.9066423639618606,-22.006787215960465,7.235494880546075,-0.20650687103924703,-2.8540808120046877
^FTSE,3,10,RSI>65,2xATR,65,60.0,-0.29716306811846926,0.7001299472463245,-22.696686587996563,5.228668941979523,-0.7045918120529682,-13.475548363676218
^FTSE,3,10,time3d,nostop,68,45.588235294117645,-0.12797981250528226,0.8076483591277686,-20.105363108210927,3.7133105802047783,-0.33060281412470305,-8.903182402439153
^FTSE,3,10,time3d,2xATR,69,44.927536231884055,-0.1277891154224941,0.8030671081409941,-17.745119818092558,3.6860068259385668,-0.3299667347404056,-8.951875303605448
^FTSE,3,15,close>5SMA,nostop,128,55.46875,-0.17563125853384937,0.7538397279869483,-37.66235165247305,8.491467576791809,-0.9382641740867781,-11.049493690009083
^FTSE,3,15,close>5SMA,2xATR,139,55.39568345323741,-0.17020253047161743,0.7527976713474804,-26.80513123465087,7.535836177474403,-0.8695837835789311,-11.539313794774763
^FTSE,3,15,RSI>65,nostop,115,63.47826086956522,-0.1747623728849599,0.8159117530610503,-48.470415142365965,13.829351535836176,-0.9272676247565448,-6.705069448511048
^FTSE,3,15,RSI>65,2xATR,132,58.333333333333336,-0.19270651037004435,0.7946565880208728,-26.290273909637584,10.443686006825939,-0.9551208633789332,-9.145438332353837
^FTSE,3,15,time3d,nostop,146,45.20547945205479,-0.289782481626191,0.6215899533909998,-43.43851342255404,7.931740614334471,-1.5962341492255172,-20.124638800476617
^FTSE,3,15,time3d,2xATR,150,44.666666666666664,-0.21029359203990983,0.6894543369534127,-32.03056171002824,7.8088737201365195,-1.1344343359786402,-14.527502641684508
^FTSE,3,20,close>5SMA,nostop,191,53.403141361256544,-0.20532966456772994,0.6808692197162163,-46.83343101155499,12.709897610921503,-1.529823929933849,-12.03647721457083
^FTSE,3,20,close>5SMA,2xATR,217,54.377880184331794,-0.22552243617461154,0.6618783792307991,-45.89590445768439,11.699658703071671,-1.7477233463381148,-14.938242137604073
^FTSE,3,20,RSI>65,nostop,162,60.49382716049383,-0.19535488608262655,0.7663563595993598,-52.44302418073086,18.771331058020476,-1.3515130829609756,-7.199878787410289
^FTSE,3,20,RSI>65,2xATR,199,57.286432160804026,-0.24244013691449173,0.7334603218488018,-43.968069708714154,15.22184300341297,-1.7591873244733436,-11.556992961226227
^FTSE,3,20,time3d,nostop,224,41.964285714285715,-0.33530110658472423,0.5755418182629602,-58.95108424799938,12.191126279863482,-2.6843617240408846,-22.018980547143872
^FTSE,3,20,time3d,2xATR,236,42.79661016949153,-0.29908404044194004,0.6097795604728826,-56.9040356673822,12.204778156996587,-2.491274640679131,-20.412289421671847
^FTSE,3,30,close>5SMA,nostop,341,55.42521994134897,-0.2202352745634567,0.6562677374328367,-63.487467942810795,22.225255972696246,-2.796886976708979,-12.584273405646972
^FTSE,3,30,close>5SMA,2xATR,390,56.15384615384615,-0.2327110333606061,0.6475221721551767,-66.1885985274096,20.668941979522184,-3.211500988723237,-15.537810265784486
^FTSE,3,30,RSI>65,nostop,273,62.27106227106227,-0.1734831463959182,0.7852905206389557,-58.194663360293305,29.72013651877133,-1.9823030538974828,-6.669898883692725
^FTSE,3,30,RSI>65,2xATR,340,60.588235294117645,-0.2024844083070203,0.7675572995755569,-57.33620965261792,24.764505119453926,-2.5314187222835294,-10.221963693895729
^FTSE,3,30,time3d,nostop,407,47.420147420147416,-0.27618565160379266,0.6346147025967466,-72.90571032080848,22.197952218430032,-3.980062167845466,-17.929861856991415
^FTSE,3,30,time3d,2xATR,421,47.03087885985748,-0.24604734808300754,0.6638731979435757,-70.67511382805594,22.320819112627987,-3.6651392557794704,-16.420272200969187
^FTSE,4,5,close>5SMA,nostop,2,50.0,0.05342964463998529,1.291311631733422,-1.8602875325565815,0.09556313993174062,0.003580024822147365,3.7462402603184928
^FTSE,4,5,close>5SMA,2xATR,2,50.0,-1.7952700224347529,0.11654891913165437,-4.056492116903265,0.05460750853242321,-0.12617290498827538,-231.0541322597793
^FTSE,4,5,RSI>65,nostop,2,50.0,-4.313325830063642,0.016241179647171065,-11.971102141444446,0.8464163822525597,-0.30973574656883995,-36.593779735754076
^FTSE,4,5,RSI>65,2xATR,2,0.0,-3.101586174353055,0.0,-6.826543363973093,0.12286689419795221,-0.21647705970254671,-176.1882735912394
^FTSE,4,5,time3d,nostop,2,0.0,-1.3942806438697997,0.0,-4.159069386219516,0.10921501706484642,-0.09640936481422058,-88.27482465802072
^FTSE,4,5,time3d,2xATR,2,0.0,-2.826520071399119,0.0,-6.303831031530671,0.08191126279863481,-0.19727053904091685,-240.83444974578597
^FTSE,4,10,close>5SMA,nostop,19,63.1578947368421,0.19774160815854508,1.376501137817357,-5.9826339163673525,1.0784982935153584,0.12144822538204814,11.260863935740538
^FTSE,4,10,close>5SMA,2xATR,20,60.0,-0.3837984632092184,0.6133969229329774,-12.026043032774957,0.9146757679180887,-0.2772567023028971,-30.3120200652048
^FTSE,4,10,RSI>65,nostop,19,73.68421052631578,0.35115657112928356,1.3358029726996352,-17.755581570175703,3.5904436860068256,0.1926657052663483,5.366069547817496
^FTSE,4,10,RSI>65,2xATR,20,55.00000000000001,-0.06698867588484314,0.9504371617137171,-8.740422714280294,1.8293515358361774,-0.07421100206345121,-4.056683508319255
^FTSE,4,10,time3d,nostop,20,60.0,0.23127611472069384,1.2990032164737857,-6.584251635037552,1.0921501706484642,0.14073948982551432,12.886459537148655
^FTSE,4,10,time3d,2xATR,20,55.00000000000001,-0.020371527716142035,0.9791210797113918,-7.935356375655189,1.037542662116041,-0.033805236772876945,-3.2582020968595207
^FTSE,4,15,close>5SMA,nostop,54,61.111111111111114,-0.04445293788630902,0.9054858705511107,-14.852605856533618,3.2081911262798632,-0.09665245980037263,-3.012677736330764
^FTSE,4,15,close>5SMA,2xATR,58,60.3448275862069,-0.27426776512631323,0.5960613420547677,-19.488550566959027,2.9215017064846416,-0.5680292129140674,-19.443056002782914
^FTSE,4,15,RSI>65,nostop,49,67.3469387755102,-0.2374301139838884,0.7833714275333589,-24.74043014985038,8.559726962457338,-0.462759917018829,-5.406246239494294
^FTSE,4,15,RSI>65,2xATR,57,57.89473684210527,-0.2846094523252741,0.7544502647581572,-23.97946750800479,5.5836177474402735,-0.6050194105462592,-10.835616582521634
^FTSE,4,15,time3d,nostop,60,45.0,-0.22733056352122502,0.6708568308956344,-20.271159744013744,3.2764505119453924,-0.49591576100077583,-15.135762288877846
^FTSE,4,15,time3d,2xATR,61,44.26229508196721,-0.20180467680659298,0.6885605185099395,-16.67873842563008,3.235494880546075,-0.44406151163103313,-13.724685960748177
^FTSE,4,20,close>5SMA,nostop,110,52.72727272727272,-0.23159478197575709,0.6903572510678886,-36.57096866576255,7.22184300341297,-1.0319435768796126,-14.28919981217989
^FTSE,4,20,close>5SMA,2xATR,121,52.066115702479344,-0.1970408679906873,0.7166599915625178,-26.97567115259627,6.566552901023891,-0.8662696509543322,-13.192152168899133
^FTSE,4,20,RSI>65,nostop,90,66.66666666666666,-0.23449964760153633,0.8030813396180431,-50.01113759372535,14.552901023890785,-0.9737039858650931,-6.6907895839228955
^FTSE,4,20,RSI>65,2xATR,110,57.27272727272727,-0.1096130060216427,0.8946849808229189,-24.029080434898287,10.79863481228669,-0.5031533923759435,-4.659416686667239
^FTSE,4,20,time3d,nostop,126,43.65079365079365,-0.3431869211398886,0.5657293984230135,-42.920442205906895,6.880546075085324,-1.6201702614307423,-23.547117390833705
^FTSE,4,20,time3d,2xATR,130,43.84615384615385,-0.22743197372529703,0.6585261107242718,-30.416722001937792,6.839590443686007,-1.0585627022790423,-15.47698960916963
^FTSE,4,30,close>5SMA,nostop,239,53.97489539748954,-0.276180693765828,0.6099732979577367,-59.56947913447672,16.09556313993174,-2.4609463342419424,-15.28959448543022
^FTSE,4,30,close>5SMA,2xATR,280,55.35714285714286,-0.2629087828533955,0.6259415724288728,-57.757064920929224,15.030716723549489,-2.6040394128662547,-17.32478537624461
^FTSE,4,30,RSI>65,nostop,168,63.69047619047619,-0.22433414079031025,0.77839827400736,-55.2511462247274,25.97952218430034,-1.618698824771625,-6.230672039649056
^FTSE,4,30,RSI>65,2xATR,230,56.086956521739125,-0.24400925912113386,0.7674945383142664,-49.40372503217439,20.9419795221843,-2.0786681815626706,-9.925843826562296
^FTSE,4,30,time3d,nostop,292,44.178082191780824,-0.3692557617680649,0.5583908805466824,-72.30558467196069,15.90443686006826,-3.80705891350116,-23.937087159996562
^FTSE,4,30,time3d,2xATR,305,43.606557377049185,-0.36398948451730945,0.5566463125405005,-71.43830784167065,16.0,-3.8728465476073004,-24.205290922545625
^FCHI,1,5,close>5SMA,nostop,770,50.12987012987013,-0.24751598255196047,0.5896741147245091,-87.68083933483038,47.316481994459835,-8.333987302260038,-17.613286007264534
^FCHI,1,5,close>5SMA,2xATR,842,50.95011876484561,-0.3027093475527502,0.5592393328985358,-93.42795442192413,43.992382271468145,-10.92447119170792,-24.832642897798088
^FCHI,1,5,RSI>65,nostop,892,46.860986547085204,-0.2749723623451882,0.5299413784694808,-92.72903018077656,43.40373961218836,-10.463866175923986,-24.108213415291964
^FCHI,1,5,RSI>65,2xATR,923,47.34561213434453,-0.3130376968321046,0.5029373084803774,-95.30904397984827,42.12257617728532,-12.19408219050402,-28.94904181354345
^FCHI,1,5,time3d,nostop,667,44.527736131934034,-0.31612706170968824,0.6402441975640665,-89.89409849684212,46.17382271468144,-9.254814665140765,-20.043423136802794
^FCHI,1,5,time3d,2xATR,673,44.27934621099554,-0.35487174768035906,0.6091210678827933,-92.36437076832648,45.550554016620495,-10.357770976619696,-22.73906695589334
^FCHI,1,10,close>5SMA,nostop,770,50.12987012987013,-0.24751598255196047,0.5896741147245091,-87.68083933483038,47.316481994459835,-8.333987302260038,-17.613286007264534
^FCHI,1,10,close>5SMA,2xATR,842,50.95011876484561,-0.3027093475527502,0.5592393328985358,-93.42795442192413,43.992382271468145,-10.92447119170792,-24.832642897798088
^FCHI,1,10,RSI>65,nostop,892,46.860986547085204,-0.2749723623451882,0.5299413784694808,-92.72903018077656,43.40373961218836,-10.463866175923986,-24.108213415291964
^FCHI,1,10,RSI>65,2xATR,923,47.34561213434453,-0.3130376968321046,0.5029373084803774,-95.30904397984827,42.12257617728532,-12.19408219050402,-28.94904181354345
^FCHI,1,10,time3d,nostop,667,44.527736131934034,-0.31612706170968824,0.6402441975640665,-89.89409849684212,46.17382271468144,-9.254814665140765,-20.043423136802794
^FCHI,1,10,time3d,2xATR,673,44.27934621099554,-0.35487174768035906,0.6091210678827933,-92.36437076832648,45.550554016620495,-10.357770976619696,-22.73906695589334
^FCHI,1,15,close>5SMA,nostop,770,50.12987012987013,-0.24751598255196047,0.5896741147245091,-87.68083933483038,47.316481994459835,-8.333987302260038,-17.613286007264534
^FCHI,1,15,close>5SMA,2xATR,842,50.95011876484561,-0.3027093475527502,0.5592393328985358,-93.42795442192413,43.992382271468145,-10.92447119170792,-24.832642897798088
^FCHI,1,15,RSI>65,nostop,892,46.860986547085204,-0.2749723623451882,0.5299413784694808,-92.72903018077656,43.40373961218836,-10.463866175923986,-24.108213415291964
^FCHI,1,15,RSI>65,2xATR,923,47.34561213434453,-0.3130376968321046,0.5029373084803774,-95.30904397984827,42.12257617728532,-12.19408219050402,-28.94904181354345
^FCHI,1,15,time3d,nostop,667,44.527736131934034,-0.31612706170968824,0.6402441975640665,-89.89409849684212,46.17382271468144,-9.254814665140765,-20.043423136802794
^FCHI,1,15,time3d,2xATR,673,44.27934621099554,-0.35487174768035906,0.6091210678827933,-92.36437076832648,45.550554016620495,-10.357770976619696,-22.73906695589334
^FCHI,1,20,close>5SMA,nostop,770,50.12987012987013,-0.24751598255196047,0.5896741147245091,-87.68083933483038,47.316481994459835,-8.333987302260038,-17.613286007264534
^FCHI,1,20,close>5SMA,2xATR,842,50.95011876484561,-0.3027093475527502,0.5592393328985358,-93.42795442192413,43.992382271468145,-10.92447119170792,-24.832642897798088
^FCHI,1,20,RSI>65,nostop,892,46.860986547085204,-0.2749723623451882,0.5299413784694808,-92.72903018077656,43.40373961218836,-10.463866175923986,-24.108213415291964
^FCHI,1,20,RSI>65,2xATR,923,47.34561213434453,-0.3130376968321046,0.5029373084803774,-95.30904397984827,42.12257617728532,-12.19408219050402,-28.94904181354345
^FCHI,1,20,time3d,nostop,667,44.527736131934034,-0.31612706170968824,0.6402441975640665,-89.89409849684212,46.17382271468144,-9.254814665140765,-20.043423136802794
^FCHI,1,20,time3d,2xATR,673,44.27934621099554,-0.35487174768035906,0.6091210678827933,-92.36437076832648,45.550554016620495,-10.357770976619696,-22.73906695589334
^FCHI,1,30,close>5SMA,nostop,770,50.12987012987013,-0.24751598255196047,0.5896741147245091,-87.68083933483038,47.316481994459835,-8.333987302260038,-17.613286007264534
^FCHI,1,30,close>5SMA,2xATR,842,50.95011876484561,-0.3027093475527502,0.5592393328985358,-93.42795442192413,43.992382271468145,-10.92447119170792,-24.832642897798088
^FCHI,1,30,RSI>65,nostop,892,46.860986547085204,-0.2749723623451882,0.5299413784694808,-92.72903018077656,43.40373961218836,-10.463866175923986,-24.108213415291964
^FCHI,1,30,RSI>65,2xATR,923,47.34561213434453,-0.3130376968321046,0.5029373084803774,-95.30904397984827,42.12257617728532,-12.19408219050402,-28.94904181354345
^FCHI,1,30,time3d,nostop,667,44.527736131934034,-0.31612706170968824,0.6402441975640665,-89.89409849684212,46.17382271468144,-9.254814665140765,-20.043423136802794
^FCHI,1,30,time3d,2xATR,673,44.27934621099554,-0.35487174768035906,0.6091210678827933,-92.36437076832648,45.550554016620495,-10.357770976619696,-22.73906695589334
^FCHI,2,5,close>5SMA,nostop,75,72.0,0.5428485333657536,2.2803082754951696,-9.426371765686781,5.574792243767313,1.7350859351132009,31.123777519297665
^FCHI,2,5,close>5SMA,2xATR,77,71.42857142857143,0.2979401217246738,1.4670373672274277,-11.8390420068747,4.916897506925208,0.9358802812339695,19.033959522561293
^FCHI,2,5,RSI>65,nostop,74,74.32432432432432,0.8717413394528748,3.5593524397543064,-7.361883598333385,6.301939058171745,2.788998998679948,44.256203891141155
^FCHI,2,5,RSI>65,2xATR,76,71.05263157894737,0.47707296922198705,1.7046047649327094,-7.333799312921252,5.4189750692520775,1.5109368070424178,27.882335455198103
^FCHI,2,5,time3d,nostop,78,60.256410256410255,0.46177392646554555,1.8419753621107884,-8.266511979406921,5.401662049861495,1.516487076367934,28.074453054811496
^FCHI,2,5,time3d,2xATR,78,60.256410256410255,0.3050991221946635,1.432693552285235,-8.422571500550546,5.211218836565097,0.9666547658395697,18.54949477571214
^FCHI,2,10,close>5SMA,nostop,141,63.829787234042556,0.2167355428724062,1.3678048666794942,-15.659578508994421,11.565096952908588,1.2379539583873722,10.70422464617584
^FCHI,2,10,close>5SMA,2xATR,150,64.0,0.021798044990647976,1.0284083044281191,-22.101604122306973,10.439750692520775,0.01600826122440946,0.15333949723414436
^FCHI,2,10,RSI>65,nostop,139,68.34532374100719,0.4120747316500295,1.8789210366179572,-9.175219824716363,12.517313019390583,2.4318705346312752,19.428055612766588
^FCHI,2,10,RSI>65,2xATR,148,65.54054054054053,0.08709572869624922,1.1130445071870645,-16.645089160974557,10.993767313019392,0.42988617711325894,3.9102717464664303
^FCHI,2,10,time3d,nostop,162,51.85185185185185,0.02670800375591055,1.0366742499846497,-19.584501292354428,11.218836565096952,0.05353125114515578,0.4771551028000306
^FCHI,2,10,time3d,2xATR,165,52.121212121212125,0.006641725806019722,1.0089903172025285,-23.21080895683847,11.097645429362881,-0.08113292018309126,-0.7310822885764978
^FCHI,2,15,close>5SMA,nostop,209,62.20095693779905,0.05706106341373213,1.0931051283129107,-15.92671198568586,17.53808864265928,0.38492437799049206,2.1947909252448987
^FCHI,2,15,close>5SMA,2xATR,227,61.23348017621145,-0.21342961496178983,0.754769424913839,-47.12904959920869,15.824099722991688,-2.276843433897968,-14.388454785770968
^FCHI,2,15,RSI>65,nostop,204,65.19607843137256,0.17903194319927757,1.3303451126660084,-13.497847058088286,18.888504155124654,1.4773915587970032,7.821644036307508
^FCHI,2,15,RSI>65,2xATR,223,62.78026905829597,-0.17802299407738642,0.797948929616939,-46.310818606953895,16.568559556786703,-1.9084502089270594,-11.518504082301668
^FCHI,2,15,time3d,nostop,244,46.72131147540984,-0.14162245588679492,0.8290749513229109,-41.67239476259679,16.84556786703601,-1.692119343757792,-10.044893452769792
^FCHI,2,15,time3d,2xATR,247,45.74898785425101,-0.2440981168074732,0.7284672935262791,-55.35251588123462,16.55124653739612,-2.795527069089032,-16.890130074328713
^FCHI,2,20,close>5SMA,nostop,254,64.56692913385827,0.10574924105221578,1.1921252475552409,-17.98625809198322,20.27354570637119,1.0251375345461167,5.056528095250529
^FCHI,2,20,close>5SMA,2xATR,276,62.68115942028986,-0.1784361899356812,0.7815504914866716,-48.62547693087953,18.542243767313018,-2.340539176270773,-12.622739759234346
^FCHI,2,20,RSI>65,nostop,246,66.66666666666666,0.20132221384973986,1.4042314618479195,-14.44327638117101,21.69321329639889,2.0389232786582223,9.398899327637583
^FCHI,2,20,RSI>65,2xATR,271,63.46863468634686,-0.14160328361534927,0.8309675471273623,-47.51379219782416,19.338642659279778,-1.8858080343604144,-9.751501527722251
^FCHI,2,20,time3d,nostop,295,47.79661016949153,-0.15544258218063262,0.8067567982412311,-44.5141083215312,20.377423822714682,-2.195933190030186,-10.776304252858415
^FCHI,2,20,time3d,2xATR,298,46.644295302013425,-0.2529888422333146,0.7103475224311951,-58.76288848176665,20.135041551246537,-3.4564789419749165,-17.166485269859944
^FCHI,2,30,close>5SMA,nostop,351,61.82336182336182,-0.07341290739322963,0.8843746467193676,-34.88334914506497,27.510387811634352,-1.345284587920148,-4.8900967777386875
^FCHI,2,30,close>5SMA,2xATR,394,59.89847715736041,-0.23280553299826484,0.7050954831524974,-64.24199068406085,25.502077562326868,-4.193330253591232,-16.443092698399834
^FCHI,2,30,RSI>65,nostop,330,62.727272727272734,-0.021204031981274844,0.9657175496050735,-32.92466321408376,29.13781163434903,-0.5238322669757212,-1.797774910310021
^FCHI,2,30,RSI>65,2xATR,378,60.05291005291006,-0.21057278824616257,0.747426769584424,-59.521808203676365,26.4196675900277,-3.7006947938958423,-14.007348053435377
^FCHI,2,30,time3d,nostop,400,45.75,-0.1656852146963383,0.799654754195201,-54.83827387828739,27.648891966759003,-3.15022929542077,-11.393690926957024
^FCHI,2,30,time3d,2xATR,408,45.588235294117645,-0.2285888092776738,0.7426369128667586,-65.69254930542647,27.493074792243767,-4.304812283914439,-15.65780588909937
^FCHI,3,5,close>5SMA,nostop,9,44.44444444444444,0.17062075640806382,1.2771712951073786,-5.080243540022378,0.8829639889196677,0.05920563446855098,6.705328327261774
^FCHI,3,5,close>5SMA,2xATR,9,44.44444444444444,-0.08793343090487642,0.8994049666483186,-5.776910430990623,0.8310249307479225,-0.044509232187017744,-5.355944273171135
^FCHI,3,5,RSI>65,nostop,9,66.66666666666666,1.3199942424982756,6.925379955198688,-4.630464086100106,1.3677285318559556,0.5087493219332551,37.196659284639004
^FCHI,3,5,RSI>65,2xATR,9,66.66666666666666,0.7597353249949257,1.9702524925413227,-5.776910430990656,1.1945983379501386,0.2842392410698835,23.793708064052858
^FCHI,3,5,time3d,nostop,9,11.11111111111111,-0.01902054690636743,0.9654318636451584,-4.928725353590647,0.6232686980609419,-0.01408802061572123,-2.260344641011273
^FCHI,3,5,time3d,2xATR,9,11.11111111111111,-0.01902054690636743,0.9654318636451584,-4.928725353590647,0.6232686980609419,-0.01408802061572123,-2.260344641011273
^FCHI,3,10,close>5SMA,nostop,42,66.66666666666666,0.3398395003322457,1.5740346444604072,-7.799635403730454,3.358725761772853,0.5895034824655365,17.551402653200718
^FCHI,3,10,close>5SMA,2xATR,45,66.66666666666666,0.022857790170396623,1.0268943741807837,-10.41295878534062,2.943213296398892,-0.0024398447168505477,-0.08289731226193389
^FCHI,3,10,RSI>65,nostop,40,72.5,0.982546636948604,3.120063709621868,-8.377567985732314,5.522853185595568,1.6789265641506068,30.399623305748918
^FCHI,3,10,RSI>65,2xATR,45,62.22222222222222,0.2317875182408518,1.2032344220895526,-9.823648009567753,4.536011080332409,0.3752566461073581,8.272833541664506
^FCHI,3,10,time3d,nostop,45,55.55555555555556,0.1790883760887982,1.2583598962548892,-12.271871268007617,3.1163434903047094,0.3145680457990796,10.094139069641576
^FCHI,3,10,time3d,2xATR,47,57.446808510638306,0.034175489176532084,1.0423929022559197,-12.667704865585671,3.099030470914127,0.025274970115241047,0.8155766893052083
^FCHI,3,15,close>5SMA,nostop,87,67.81609195402298,0.3536098849988669,1.6485441956553455,-9.530951393978793,6.942520775623269,1.283686131075612,18.490202227163927
^FCHI,3,15,close>5SMA,2xATR,94,68.08510638297872,0.15928093339355154,1.2312040917113203,-12.433297499626528,6.4404432132963985,0.5746692198865366,8.922821005550096
^FCHI,3,15,RSI>65,nostop,79,70.88607594936708,0.8863196506775352,2.5644651917307444,-11.7086771104559,10.024238227146814,2.99619194133951,29.88947263070295
^FCHI,3,15,RSI>65,2xATR,89,67.41573033707866,0.44189438596240843,1.470401925080745,-13.322839311506085,8.396814404432133,1.5936081296403337,18.978722797531066
^FCHI,3,15,time3d,nostop,99,62.62626262626263,0.3244339131884827,1.5467908446537373,-11.61769343606187,6.85595567867036,1.3245692800473385,19.319980205943
^FCHI,3,15,time3d,2xATR,103,63.10679611650486,0.26910339345480055,1.4319517553293704,-12.013031879270308,6.942520775623269,1.130137844868706,16.27849424429338
^FCHI,3,20,close>5SMA,nostop,141,65.24822695035462,0.2555654678597897,1.4449804840020957,-13.86734507325218,11.634349030470915,1.47567532476367,12.683780767611543
^FCHI,3,20,close>5SMA,2xATR,152,63.81578947368421,-0.04483934567749523,0.9460684600584862,-22.42266313625436,10.595567867036012,-0.4354926977976681,-4.110140232809364
^FCHI,3,20,RSI>65,nostop,118,69.49152542372882,0.4832408286707967,1.6336774885006602,-17.565426092485726,16.256925207756233,2.35098565391596,14.461441040488378
^FCHI,3,20,RSI>65,2xATR,137,61.31386861313869,0.008804262906619315,1.0076697121498859,-23.222525085063417,13.088642659279778,-0.1480816743516411,-1.1313753320834379
^FCHI,3,20,time3d,nostop,164,53.04878048780488,0.08334336273094113,1.1136957493685142,-13.701204211687845,11.357340720221606,0.4532667565697146,3.9909585151626095
^FCHI,3,20,time3d,2xATR,167,52.69461077844312,-0.005840825294685373,0.992653745981725,-21.59755887293087,11.149584487534627,-0.18557744944428523,-1.6644337701711047
^FCHI,3,30,close>5SMA,nostop,229,61.572052401746724,0.03643762429079975,1.0601679569351259,-17.9247817702197,18.957756232686982,0.21734255307235273,1.146457156662931
^FCHI,3,30,close>5SMA,2xATR,256,59.375,-0.2724291117655692,0.6946239598940983,-57.25388400090604,17.486149584487535,-3.2031579822301093,-18.31825792610011
^FCHI,3,30,RSI>65,nostop,184,70.65217391304348,0.2226492998840396,1.3020050225833635,-20.932195114390552,24.37673130193906,1.5795799657922993,6.479867814216137
^FCHI,3,30,RSI>65,2xATR,230,62.17391304347826,-0.20973252523606578,0.8140722689954838,-49.69828994757112,20.96606648199446,-2.3577338487263955,-11.245475400696664
^FCHI,3,30,time3d,nostop,273,45.05494505494506,-0.20263757890966289,0.7661276394042696,-49.568836533593895,18.853878116343488,-2.5995846083842533,-13.788063083588108
^FCHI,3,30,time3d,2xATR,276,44.20289855072464,-0.2831617816832896,0.6951455445716146,-59.93585723471694,18.559556786703602,-3.572610590287195,-19.249439150651902
^FCHI,4,5,close>5SMA,nostop,1,0.0,-1.142221828400136,0.0,-2.650329893293535,0.13850415512465375,-0.05002488813452555,-36.11796923312745
^FCHI,4,5,close>5SMA,2xATR,1,0.0,-2.753886955868723,0.0,-3.514780844855425,0.12119113573407202,-0.12153114369612972,-100.28055514126362
^FCHI,4,5,RSI>65,nostop,1,0.0,-0.07875284355509643,0.0,-2.650329893293535,0.20775623268698062,-0.003447775053500024,-1.659529059084678
^FCHI,4,5,RSI>65,2xATR,1,0.0,-2.753886955868723,0.0,-3.514780844855425,0.12119113573407202,-0.12153114369612972,-100.28055514126362
^FCHI,4,5,time3d,nostop,1,0.0,-0.23425833883144992,0.0,-1.0199977107727243,0.06925207756232687,-0.010228882597174138,-14.770506470319456
^FCHI,4,5,time3d,2xATR,1,0.0,-0.23425833883144992,0.0,-1.0199977107727243,0.06925207756232687,-0.010228882597174138,-14.770506470319456
^FCHI,4,10,close>5SMA,nostop,12,58.333333333333336,0.18733613839812266,1.3020164378631567,-8.298475805548854,1.0734072022160666,0.08776712233273809,8.176498364417663
^FCHI,4,10,close>5SMA,2xATR,12,50.0,-0.3381950810498783,0.6728605994468287,-9.134661322859072,0.9002770083102494,-0.19182536061188582,-21.307370824889468
^FCHI,4,10,RSI>65,nostop,12,75.0,0.7001589591528505,1.8302249243490918,-10.557109963583034,2.510387811634349,0.34254899618704204,13.645262082595549
^FCHI,4,10,RSI>65,2xATR,12,66.66666666666666,0.3760601013264494,1.323711148915368,-7.805341032410684,1.6966759002770084,0.1735513999357341,10.228907000293878
^FCHI,4,10,time3d,nostop,12,16.666666666666664,-0.21666338712989686,0.72807774940476,-7.57284733754161,0.8310249307479225,-0.1230345206926553,-14.805153990016187
^FCHI,4,10,time3d,2xATR,12,16.666666666666664,-0.5804528255097613,0.4998570160817342,-10.020358376968264,0.7617728531855956,-0.31837912759415943,-41.79449638599693
^FCHI,4,15,close>5SMA,nostop,35,68.57142857142857,0.36871437693250797,1.6277988882262626,-8.470484764556263,2.804709141274238,0.532962148295546,19.002403509599223
^FCHI,4,15,close>5SMA,2xATR,38,65.78947368421053,-0.013652067821090484,0.9847133839001881,-10.795525551064634,2.510387811634349,-0.0651697131850093,-2.596001816252508
^FCHI,4,15,RSI>65,nostop,32,71.875,0.6731275610264413,1.8883117984678666,-12.814266715364608,6.336565096952909,0.887947648113574,14.013075452196729
^FCHI,4,15,RSI>65,2xATR,37,56.75675675675676,-0.15967346515027667,0.8880783343277376,-12.26686284861157,4.414819944598338,-0.32727793031980257,-7.413165982459527
^FCHI,4,15,time3d,nostop,41,53.65853658536586,0.2607947567948403,1.411709652712973,-7.2137142996511745,2.8393351800554014,0.4325437654503661,15.23398042220314
^FCHI,4,15,time3d,2xATR,42,52.38095238095239,0.024784214934019465,1.0312905367535685,-11.029062668833301,2.7873961218836567,0.005332795822088343,0.1913181904868464
^FCHI,4,20,close>5SMA,nostop,73,67.12328767123287,0.30045014905478545,1.494372589732831,-9.490233832872175,5.921052631578947,0.9035128318476415,15.259327826760169
^FCHI,4,20,close>5SMA,2xATR,82,65.85365853658537,0.0589464048994117,1.076989027618,-15.658829854506207,5.522853185595568,0.13841342040665783,2.5061940948866948
^FCHI,4,20,RSI>65,nostop,63,68.25396825396825,0.5642312553133194,1.5769194438814704,-22.18264186557244,12.067174515235457,1.4062253910781974,11.653311131804402
^FCHI,4,20,RSI>65,2xATR,76,55.26315789473685,-0.1255734171814384,0.9150212789827255,-29.471007048171348,8.950831024930748,-0.5707215783829156,-6.376185370869865
^FCHI,4,20,time3d,nostop,86,60.46511627906976,0.2457496744721369,1.3542383314908795,-10.93494846103945,5.955678670360111,0.8380430411223161,14.071327341635167
^FCHI,4,20,time3d,2xATR,89,60.67415730337079,0.1850282751925551,1.266906428375221,-12.408176904854706,5.955678670360111,0.6431791156781053,10.799426081850976
^FCHI,4,30,close>5SMA,nostop,169,64.49704142011834,0.19676980540510192,1.3454500688295656,-12.537723626654918,13.902354570637119,1.340892311498365,9.64507346352996
^FCHI,4,30,close>5SMA,2xATR,190,63.68421052631579,-0.10490355223092432,0.8744765650838279,-30.90469649523949,12.880886426592797,-1.0297112275442721,-7.994102218139403
^FCHI,4,30,RSI>65,nostop,128,72.65625,0.5049561135563031,1.5877805252311759,-23.470377379562592,22.333795013850416,2.577604714463688,11.541275062590902
^FCHI,4,30,RSI>65,2xATR,163,58.282208588957054,-0.04447835164412631,0.9663020094383211,-29.275137140280606,17.86703601108033,-0.6032687574915818,-3.376434441154435
^FCHI,4,30,time3d,nostop,200,49.5,-0.0866980027376181,0.8934760205854398,-29.45500237260017,13.79847645429363,-0.9208207948648628,-6.673351205946609
^FCHI,4,30,time3d,2xATR,202,48.51485148514851,-0.20453430638313574,0.7733209121319269,-43.52252121584469,13.452216066481995,-1.956764350916007,-14.546037182613714
^N225,1,5,close>5SMA,nostop,1476,43.15718157181572,-0.3668099190052401,0.41298055978411663,-99.66733960094413,46.26448938150436,-11.294989030318202,-24.413949405510394
^N225,1,5,close>5SMA,2xATR,1652,43.82566585956417,-0.2711260671084783,0.5078486078008895,-99.0708805711422,41.509433962264154,-9.340309253352908,-22.501654110350188
^N225,1,5,RSI>65,nostop,1726,40.03476245654693,-0.3529867029878144,0.3958332839124268,-99.82023509477285,41.84787207039513,-12.484615018805833,-29.833332977611434
^N225,1,5,RSI>65,2xATR,1810,39.77900552486188,-0.28626384453985093,0.4518798795542236,-99.52789629617688,39.876470090532194,-10.66425824329168,-26.743235344252994
^N225,1,5,time3d,nostop,1328,42.243975903614455,-0.32062487798235495,0.5808191476458447,-98.99470476916392,44.94458075979355,-9.094549524653583,-20.235030277085976
^N225,1,5,time3d,2xATR,1365,41.97802197802198,-0.21445667376421756,0.6745797072759209,-95.91824078807677,44.233860732718504,-6.339267849590458,-14.33125606624132
^N225,1,10,close>5SMA,nostop,1476,43.15718157181572,-0.3668099190052401,0.41298055978411663,-99.66733960094413,46.26448938150436,-11.294989030318202,-24.413949405510394
^N225,1,10,close>5SMA,2xATR,1652,43.82566585956417,-0.2711260671084783,0.5078486078008895,-99.0708805711422,41.509433962264154,-9.340309253352908,-22.501654110350188
^N225,1,10,RSI>65,nostop,1726,40.03476245654693,-0.3529867029878144,0.3958332839124268,-99.82023509477285,41.84787207039513,-12.484615018805833,-29.833332977611434
^N225,1,10,RSI>65,2xATR,1810,39.77900552486188,-0.28626384453985093,0.4518798795542236,-99.52789629617688,39.876470090532194,-10.66425824329168,-26.743235344252994
^N225,1,10,time3d,nostop,1328,42.243975903614455,-0.32062487798235495,0.5808191476458447,-98.99470476916392,44.94458075979355,-9.094549524653583,-20.235030277085976
^N225,1,10,time3d,2xATR,1365,41.97802197802198,-0.21445667376421756,0.6745797072759209,-95.91824078807677,44.233860732718504,-6.339267849590458,-14.33125606624132
^N225,1,15,close>5SMA,nostop,1476,43.15718157181572,-0.3668099190052401,0.41298055978411663,-99.66733960094413,46.26448938150436,-11.294989030318202,-24.413949405510394
^N225,1,15,close>5SMA,2xATR,1652,43.82566585956417,-0.2711260671084783,0.5078486078008895,-99.0708805711422,41.509433962264154,-9.340309253352908,-22.501654110350188
^N225,1,15,RSI>65,nostop,1726,40.03476245654693,-0.3529867029878144,0.3958332839124268,-99.82023509477285,41.84787207039513,-12.484615018805833,-29.833332977611434
^N225,1,15,RSI>65,2xATR,1810,39.77900552486188,-0.28626384453985093,0.4518798795542236,-99.52789629617688,39.876470090532194,-10.66425824329168,-26.743235344252994
^N225,1,15,time3d,nostop,1328,42.243975903614455,-0.32062487798235495,0.5808191476458447,-98.99470476916392,44.94458075979355,-9.094549524653583,-20.235030277085976
^N225,1,15,time3d,2xATR,1365,41.97802197802198,-0.21445667376421756,0.6745797072759209,-95.91824078807677,44.233860732718504,-6.339267849590458,-14.33125606624132
^N225,1,20,close>5SMA,nostop,1476,43.15718157181572,-0.3668099190052401,0.41298055978411663,-99.66733960094413,46.26448938150436,-11.294989030318202,-24.413949405510394
^N225,1,20,close>5SMA,2xATR,1652,43.82566585956417,-0.2711260671084783,0.5078486078008895,-99.0708805711422,41.509433962264154,-9.340309253352908,-22.501654110350188
^N225,1,20,RSI>65,nostop,1726,40.03476245654693,-0.3529867029878144,0.3958332839124268,-99.82023509477285,41.84787207039513,-12.484615018805833,-29.833332977611434
^N225,1,20,RSI>65,2xATR,1810,39.77900552486188,-0.28626384453985093,0.4518798795542236,-99.52789629617688,39.876470090532194,-10.66425824329168,-26.743235344252994
^N225,1,20,time3d,nostop,1328,42.243975903614455,-0.32062487798235495,0.5808191476458447,-98.99470476916392,44.94458075979355,-9.094549524653583,-20.235030277085976
^N225,1,20,time3d,2xATR,1365,41.97802197802198,-0.21445667376421756,0.6745797072759209,-95.91824078807677,44.233860732718504,-6.339267849590458,-14.33125606624132
^N225,1,30,close>5SMA,nostop,1476,43.15718157181572,-0.3668099190052401,0.41298055978411663,-99.66733960094413,46.26448938150436,-11.294989030318202,-24.413949405510394
^N225,1,30,close>5SMA,2xATR,1652,43.82566585956417,-0.2711260671084783,0.5078486078008895,-99.0708805711422,41.509433962264154,-9.340309253352908,-22.501654110350188
^N225,1,30,RSI>65,nostop,1726,40.03476245654693,-0.3529867029878144,0.3958332839124268,-99.82023509477285,41.84787207039513,-12.484615018805833,-29.833332977611434
^N225,1,30,RSI>65,2xATR,1810,39.77900552486188,-0.28626384453985093,0.4518798795542236,-99.52789629617688,39.876470090532194,-10.66425824329168,-26.743235344252994
^N225,1,30,time3d,nostop,1328,42.243975903614455,-0.32062487798235495,0.5808191476458447,-98.99470476916392,44.94458075979355,-9.094549524653583,-20.235030277085976
^N225,1,30,time3d,2xATR,1365,41.97802197802198,-0.21445667376421756,0.6745797072759209,-95.91824078807677,44.233860732718504,-6.339267849590458,-14.33125606624132
^N225,2,5,close>5SMA,nostop,158,52.53164556962025,-0.3581982450536117,0.5936413851907034,-47.80991640191762,7.174887892376682,-1.288640621969095,-17.96042866869426
^N225,2,5,close>5SMA,2xATR,170,51.76470588235295,-0.2510668372937128,0.6664925512680006,-41.288682654897954,5.74498688552331,-0.9551915390827004,-16.62652253375322
^N225,2,5,RSI>65,nostop,158,56.32911392405063,-0.2697329612766385,0.6963576112040792,-42.34102668571391,7.953295541077926,-1.0241744309704814,-12.877359148553317
^N225,2,5,RSI>65,2xATR,170,54.11764705882353,-0.1598953922501097,0.7865822688401352,-35.27942597532573,6.0326592774346395,-0.6324306953602865,-10.483447950158801
^N225,2,5,time3d,nostop,175,43.42857142857143,-0.29120413341238766,0.6607240035734447,-43.78248542509802,5.922666892292073,-1.1557960996329109,-19.514791573659103
^N225,2,5,time3d,2xATR,179,42.45810055865922,-0.1603523869585671,0.7766852648504446,-34.60485780742519,5.7619087909298585,-0.6623387370938594,-11.495127068593721
^N225,2,10,close>5SMA,nostop,306,52.614379084967325,-0.42506095319978,0.5157209758160823,-75.23034288087334,13.40214908198663,-2.905847210834811,-21.681949611651916
^N225,2,10,close>5SMA,2xATR,348,51.14942528735632,-0.24042735320357728,0.651970209617917,-58.34282201204515,11.261528048058212,-1.8498023021912946,-16.42585530398115
^N225,2,10,RSI>65,nostop,297,56.22895622895623,-0.36382110932916367,0.592754180771281,-69.87966634504981,14.561299602335223,-2.467339174629024,-16.944498375909607
^N225,2,10,RSI>65,2xATR,341,54.252199413489734,-0.19449724457027667,0.7278671802666254,-52.15919907132827,11.81995092647432,-1.4928638988415566,-12.630034660277996
^N225,2,10,time3d,nostop,355,40.0,-0.4138806778875894,0.5402477730175756,-79.55490905612434,12.014552838649632,-3.2450940452195653,-27.009694732711296
^N225,2,10,time3d,2xATR,365,39.178082191780824,-0.2641284412408392,0.6431307199421927,-63.93875102175781,11.574583298079363,-2.1239912148653395,-18.350476731354863
^N225,2,15,close>5SMA,nostop,423,52.24586288416076,-0.37002329804191275,0.545691650320302,-81.78367218248732,18.165665453930114,-3.484401953582461,-19.18125136906898
^N225,2,15,close>5SMA,2xATR,495,51.515151515151516,-0.24010841196202537,0.6505365332576755,-72.1738973286818,15.805059649716558,-2.617655289143339,-16.562134829970624
^N225,2,15,RSI>65,nostop,405,56.04938271604938,-0.30568113539786684,0.627468472887321,-75.46229389754427,19.578644555376936,-2.826928867828382,-14.438838499941074
^N225,2,15,RSI>65,2xATR,482,55.18672199170125,-0.18384899177912054,0.736627516445,-62.60750883281114,16.727303494373466,-1.995593276498242,-11.930155252874417
^N225,2,15,time3d,nostop,510,43.529411764705884,-0.2923159731331022,0.6292187848743983,-80.67219510135686,17.26034351467975,-3.308628990647222,-19.168963745323296
^N225,2,15,time3d,2xATR,530,42.45283018867924,-0.19589152229226295,0.7146518904158997,-67.74347728728476,16.938827311955325,-2.311428729880649,-13.645742336892804
^N225,2,20,close>5SMA,nostop,507,52.85996055226825,-0.35724224656548464,0.551057527752841,-86.06600254512014,21.4400541500973,-4.013467187817376,-18.719482514922483
^N225,2,20,close>5SMA,2xATR,608,53.289473684210535,-0.1980116365741974,0.6908583622518492,-72.72240681469664,19.0286826296641,-2.667955908166597,-14.02070737155225
^N225,2,20,RSI>65,nostop,482,56.22406639004149,-0.2957410624044668,0.6309596871771778,-79.67919617868438,22.954564683983417,-3.238148016731035,-14.10677162172654
^N225,2,20,RSI>65,2xATR,588,55.61224489795919,-0.1542964971862447,0.7688507706856937,-65.21446039745695,20.03553600135375,-2.0615613245535624,-10.289524195480809
^N225,2,20,time3d,nostop,618,44.1747572815534,-0.2674517820646903,0.663853014427467,-83.55321089028581,20.91547508249429,-3.683977933203919,-17.613646922547378
^N225,2,20,time3d,2xATR,649,43.143297380585516,-0.158099263185288,0.7672741582146309,-67.78804616279633,20.76317793383535,-2.322283372800782,-11.1846239540067
^N225,2,30,close>5SMA,nostop,655,50.229007633587784,-0.3999073638079344,0.5007101750008972,-94.04021537604812,27.193501988323888,-5.718911102932522,-21.030432584181543
^N225,2,30,close>5SMA,2xATR,799,51.18898623279099,-0.24833414055248815,0.6223466675294831,-88.00738552983609,24.545223792199003,-4.314640627664302,-17.57833077503081
^N225,2,30,RSI>65,nostop,611,54.00981996726678,-0.3691052160291079,0.554860864937993,-91.49519456237437,28.987223961418056,-5.0013648155157515,-17.25368673513738
^N225,2,30,RSI>65,2xATR,763,53.86631716906947,-0.2271827023997192,0.6740103649576678,-84.67836097206248,25.721296217954144,-3.8135433596424684,-14.826404265662608
^N225,2,30,time3d,nostop,799,41.677096370463076,-0.3309350869354082,0.5936338133335529,-94.22471562643756,27.041204839664946,-5.770535971690938,-21.339788688803253
^N225,2,30,time3d,2xATR,841,41.49821640903686,-0.22843266409258403,0.6795612536343776,-88.1534822433984,26.888907691006008,-4.216334643400089,-15.680572419869618
^N225,3,5,close>5SMA,nostop,35,51.42857142857142,-0.42822595874489505,0.6290255983994075,-24.828836531452904,1.7514172095777985,-0.3545888662450092,-20.24582516980562
^N225,3,5,close>5SMA,2xATR,39,46.15384615384615,-0.2393570239924463,0.7374841770737561,-14.939969802754193,1.3875962433369997,-0.21793597630297423,-15.706007950761297
^N225,3,5,RSI>65,nostop,34,61.76470588235294,-0.5793498046165635,0.6438868863419114,-30.122480972331356,3.04594297317878,-0.4979304115731331,-16.347332039952388
^N225,3,5,RSI>65,2xATR,39,46.15384615384615,-0.16085137379356107,0.8510784170064737,-12.88431169980594,1.912175310940012,-0.15931317958145508,-8.331515351651404
^N225,3,5,time3d,nostop,39,38.46153846153847,-0.27976467172782116,0.7374466320830296,-16.134189092000263,1.3199086217108045,-0.2617641118649705,-19.831987423923632
^N225,3,5,time3d,2xATR,40,35.0,-0.1011988410048298,0.8808298929642076,-10.787537110773126,1.2606819527878839,-0.1074080048046766,-8.519833616016596
^N225,3,10,close>5SMA,nostop,113,54.86725663716814,-0.43144991634478164,0.5563641907472339,-42.74019831115934,5.220407817920298,-1.1085357462035872,-21.234657997374708
^N225,3,10,close>5SMA,2xATR,124,51.61290322580645,-0.309518557395583,0.6259601633879807,-35.24257126301148,4.230476351637194,-0.8556924160782464,-20.22685733125759
^N225,3,10,RSI>65,nostop,108,60.18518518518518,-0.42338040239318736,0.6671602536376287,-44.24569411512898,8.774007953295541,-1.117696700636861,-12.73872449838675
^N225,3,10,RSI>65,2xATR,122,50.0,-0.2986784343536408,0.7240111175144727,-42.90714842765063,6.041120230137913,-0.837849502944954,-13.869108228720464
^N225,3,10,time3d,nostop,128,41.40625,-0.3677757251185364,0.6028547604187303,-39.51335123770936,4.332007784076487,-1.0580217018688942,-24.42335643435246
^N225,3,10,time3d,2xATR,132,40.15151515151515,-0.2284386290776774,0.7030090456395794,-30.7627938235115,4.247398257043743,-0.6820296473088905,-16.05758645725852
^N225,3,15,close>5SMA,nostop,199,52.26130653266332,-0.39752072253896387,0.5679687790723167,-58.680916443161394,9.129367966833065,-1.8044758091000368,-19.765615929335805
^N225,3,15,close>5SMA,2xATR,224,50.89285714285714,-0.23524549960361085,0.6854068031351357,-46.20645434911841,7.631779338353499,-1.182674240346504,-15.496703821125644
^N225,3,15,RSI>65,nostop,178,62.35955056179775,-0.3687398834778937,0.6869641902989261,-55.81721540543503,14.070564345545309,-1.598333111012895,-11.359410125713413
^N225,3,15,RSI>65,2xATR,214,54.20560747663551,-0.14446760925515334,0.8440167378638033,-44.02094017372099,10.31390134529148,-0.7546482494671269,-7.3168069404856215
^N225,3,15,time3d,nostop,230,41.73913043478261,-0.31169672234060963,0.6412026272750508,-54.15481506380614,7.784076487012438,-1.6265553455369397,-20.89593220532727
^N225,3,15,time3d,2xATR,239,40.1673640167364,-0.2030999619128881,0.7286143476418657,-43.42580707473241,7.623318385650224,-1.1000466251247287,-14.430023376636148
^N225,3,20,close>5SMA,nostop,285,52.98245614035088,-0.39188920151168916,0.5586199910205379,-70.30017453321368,12.564514764362468,-2.5236908386198187,-20.085859947237466
^N225,3,20,close>5SMA,2xATR,334,51.796407185628745,-0.243344899471411,0.6648419048481048,-58.62768539419476,10.982316608850157,-1.8077300835169008,-16.46037123042084
^N225,3,20,RSI>65,nostop,240,61.66666666666667,-0.3460940485960769,0.6807402838760601,-63.23560481572398,18.04721211608427,-1.999219220604398,-11.077717753550576
^N225,3,20,RSI>65,2xATR,307,53.74592833876222,-0.1511383469726128,0.8279047596264207,-49.0709474519392,14.265166257720619,-1.1096664624468233,-7.778854044874855
^N225,3,20,time3d,nostop,346,40.7514450867052,-0.3541830329014956,0.5938402295677666,-72.899252969992,11.709958541331753,-2.7368758874263377,-23.37220817448836
^N225,3,20,time3d,2xATR,357,39.77591036414566,-0.2491052103311256,0.6661216603885668,-61.0416891511522,11.405364244013876,-1.9758673872473653,-17.32401828625861
^N225,3,30,close>5SMA,nostop,460,52.17391304347826,-0.4100968109357824,0.5039688566564456,-87.00961893489855,19.79862932566207,-4.156871820673047,-20.995755576296897
^N225,3,30,close>5SMA,2xATR,569,52.3725834797891,-0.25296084276895797,0.6212572180534921,-78.33521650612578,17.810305440392586,-3.1448803675641956,-17.657644211040967
^N225,3,30,RSI>65,nostop,367,60.217983651226156,-0.3491808961945019,0.6535533175987358,-77.77580293221732,26.144343853117864,-3.0071398023354567,-11.50206644783261
^N225,3,30,RSI>65,2xATR,499,55.71142284569138,-0.16800855558524794,0.7960633247649108,-64.52351780674057,21.812336069041375,-1.9394300976712242,-8.891436898516757
^N225,3,30,time3d,nostop,575,43.47826086956522,-0.3275527003500556,0.6067108816363896,-86.8096240434946,19.460191217531094,-4.164185759214956,-21.398483255722418
^N225,3,30,time3d,2xATR,605,42.64462809917355,-0.19261056176199398,0.7224546367825506,-71.78520661833328,19.282511210762333,-2.597826152677829,-13.472447256910602
^N225,4,5,close>5SMA,nostop,6,66.66666666666666,-0.7821595704926761,0.5349014837338856,-13.499361645895025,0.26228953380150605,-0.11152959069704593,-42.5215558854318
^N225,4,5,close>5SMA,2xATR,7,57.14285714285714,-0.058920477421848465,0.9290081705221173,-5.841802334488488,0.21998477028513408,-0.011125924557386924,-5.057588551682925
^N225,4,5,RSI>65,nostop,6,66.66666666666666,-1.5576297130083536,0.5072377016883852,-23.55988721132565,0.7276419324815975,-0.2375171214031857,-32.64203323097967
^N225,4,5,RSI>65,2xATR,7,57.14285714285714,0.5443700684311199,1.6558980639996486,-5.841802334488488,0.46535239868009143,0.07679177552661898,16.501854453620176
^N225,4,5,time3d,nostop,7,42.857142857142854,-0.7478463687209709,0.4521240391652255,-11.948856854631561,0.23690667569168286,-0.1165247965322802,-49.18594893625071
^N225,4,5,time3d,2xATR,7,42.857142857142854,-0.3479969421780717,0.6394347230693695,-5.841802334488488,0.20306286487858533,-0.05399287762881677,-26.589242528957726
^N225,4,10,close>5SMA,nostop,41,53.65853658536586,-0.35742100820459394,0.6881469530357923,-23.754828688001872,1.9037143582367375,-0.34904835001862144,-18.335121994978163
^N225,4,10,close>5SMA,2xATR,43,51.162790697674424,-0.16573126482581985,0.8198925485598704,-19.977487992450882,1.4806667230730182,-0.17418919008926892,-11.764240215228966
^N225,4,10,RSI>65,nostop,40,65.0,-0.5967372027513393,0.7134322320151206,-31.33870016917042,4.771977324646755,-0.6296733428070689,-13.195229146519054
^N225,4,10,RSI>65,2xATR,43,51.162790697674424,0.19783089300545653,1.1734904950015028,-14.922458680393746,2.546746763685591,0.14190957475777033,5.572190246053447
^N225,4,10,time3d,nostop,44,43.18181818181818,-0.37943562888915955,0.6942673933993153,-20.4040376033098,1.4891276757762923,-0.3954914909502727,-26.558601883757234
^N225,4,10,time3d,2xATR,44,40.909090909090914,-0.033196578532198075,0.9622050784916804,-15.60985753034404,1.3960571960402741,-0.05604215829349002,-4.0143167810349
^N225,4,15,close>5SMA,nostop,97,51.546391752577314,-0.4745893365299279,0.5396537067352637,-40.72381416719013,4.501226838141975,-1.04695131201904,-23.25924352773126
^N225,4,15,close>5SMA,2xATR,105,49.523809523809526,-0.3125853640248954,0.6310750763669364,-31.501978605551283,3.6043658515948893,-0.735462048432467,-20.404755752167436
^N225,4,15,RSI>65,nostop,90,63.33333333333333,-0.470450877760186,0.7088981498333135,-46.391602485979824,9.924697520940857,-1.0905695828518858,-10.988441517243341
^N225,4,15,RSI>65,2xATR,102,50.98039215686274,-0.0892751355850757,0.9198004136874265,-35.19224552197813,5.618072594974194,-0.266135180106275,-4.737126044692868
^N225,4,15,time3d,nostop,108,38.88888888888889,-0.45550640247846597,0.5223713926157586,-40.354690677711005,3.655131567814536,-1.095756068996967,-29.97856708211841
^N225,4,15,time3d,2xATR,111,36.93693693693694,-0.31807875073574227,0.6002109716122115,-30.901353478498716,3.5620610880785177,-0.7850235511294823,-22.038464016150478
^N225,4,20,close>5SMA,nostop,177,58.19209039548022,-0.2164795251312849,0.7159387225742426,-37.24934597360367,7.843303155935358,-0.908838827888625,-11.587449953414952
^N225,4,20,close>5SMA,2xATR,201,54.72636815920397,-0.20697787102894402,0.7135995218261589,-39.61117542224125,6.7603012099162365,-0.9401852581824133,-13.90744626590481
^N225,4,20,RSI>65,nostop,149,65.77181208053692,-0.06984359685993792,0.944253527459184,-40.01982592207104,15.11126152804806,-0.46583578913166335,-3.0827061543936893
^N225,4,20,RSI>65,2xATR,186,52.68817204301075,0.04543388286856617,1.0456786345531621,-27.727115921913615,10.635417548015907,0.06296747547542836,0.5920545685314939
^N225,4,20,time3d,nostop,207,41.54589371980676,-0.2757278593244109,0.669955943080794,-48.02363813949283,7.005668838311194,-1.302505416499622,-18.592163668609942
^N225,4,20,time3d,2xATR,217,41.474654377880185,-0.19265152436219643,0.7389904762214236,-41.25142397251671,6.963364074794821,-0.9514296274609091,-13.663361806756361
^N225,4,30,close>5SMA,nostop,338,53.25443786982249,-0.37466162861976005,0.5666937058624018,-75.6860060852782,14.620526271258145,-2.850276391848383,-19.495032798180578
^N225,4,30,close>5SMA,2xATR,412,52.9126213592233,-0.2373494619353439,0.6684780635366239,-66.66740001645323,13.046789068449108,-2.1719275517340875,-16.64721902331075
^N225,4,30,RSI>65,nostop,252,65.87301587301587,-0.12263721001664075,0.8945738182208651,-48.329712873350516,24.00372281918944,-0.9964835025045637,-4.151370643673401
^N225,4,30,RSI>65,2xATR,347,55.3314121037464,0.0468020325952166,1.050468759236389,-31.144881923989043,18.74101023775277,0.15854616537858135,0.8459851596430938
^N225,4,30,time3d,nostop,422,41.943127962085306,-0.3862710979997439,0.5669548920929639,-82.64059773519514,14.282088163127169,-3.601333497781256,-25.215734958694707
^N225,4,30,time3d,2xATR,439,40.77448747152619,-0.24699168614985711,0.6626237955296175,-68.91937200571694,14.028259582028937,-2.3967155863108824,-17.08491044306895
^KS11,1,5,close>5SMA,nostop,469,55.010660980810236,-0.2991983996643406,0.6443997777622108,-83.02800815311264,43.85876418663304,-9.273944330714412,-21.145019707465583
^KS11,1,5,close>5SMA,2xATR,525,55.61904761904762,-0.26019963420363,0.7058835540766952,-82.43970608337234,40.1765447667087,-9.090419418484498,-22.626185181601404
^KS11,1,5,RSI>65,nostop,547,50.45703839122486,-0.36434924048746165,0.5625889016787016,-90.11401179944039,39.52080706179067,-12.587955990844524,-31.85146490344514
^KS11,1,5,RSI>65,2xATR,577,50.77989601386482,-0.3211929279189221,0.6043970777253975,-88.50665158110938,38.23455233291299,-11.746989510593108,-30.723491694921947
^KS11,1,5,time3d,nostop,428,46.96261682242991,-0.19549702466167446,0.8288436774252277,-77.0442386661096,43.177805800756616,-6.231462228806484,-14.432095640898195
^KS11,1,5,time3d,2xATR,435,47.356321839080465,-0.22080718280010966,0.8102532556885234,-80.51481851995398,42.77427490542245,-6.946356187595393,-16.239565025834747
^KS11,1,10,close>5SMA,nostop,469,55.010660980810236,-0.2991983996643406,0.6443997777622108,-83.02800815311264,43.85876418663304,-9.273944330714412,-21.145019707465583
^KS11,1,10,close>5SMA,2xATR,525,55.61904761904762,-0.26019963420363,0.7058835540766952,-82.43970608337234,40.1765447667087,-9.090419418484498,-22.626185181601404
^KS11,1,10,RSI>65,nostop,547,50.45703839122486,-0.36434924048746165,0.5625889016787016,-90.11401179944039,39.52080706179067,-12.587955990844524,-31.85146490344514
^KS11,1,10,RSI>65,2xATR,577,50.77989601386482,-0.3211929279189221,0.6043970777253975,-88.50665158110938,38.23455233291299,-11.746989510593108,-30.723491694921947
^KS11,1,10,time3d,nostop,428,46.96261682242991,-0.19549702466167446,0.8288436774252277,-77.0442386661096,43.177805800756616,-6.231462228806484,-14.432095640898195
^KS11,1,10,time3d,2xATR,435,47.356321839080465,-0.22080718280010966,0.8102532556885234,-80.51481851995398,42.77427490542245,-6.946356187595393,-16.239565025834747
^KS11,1,15,close>5SMA,nostop,469,55.010660980810236,-0.2991983996643406,0.6443997777622108,-83.02800815311264,43.85876418663304,-9.273944330714412,-21.145019707465583
^KS11,1,15,close>5SMA,2xATR,525,55.61904761904762,-0.26019963420363,0.7058835540766952,-82.43970608337234,40.1765447667087,-9.090419418484498,-22.626185181601404
^KS11,1,15,RSI>65,nostop,547,50.45703839122486,-0.36434924048746165,0.5625889016787016,-90.11401179944039,39.52080706179067,-12.587955990844524,-31.85146490344514
^KS11,1,15,RSI>65,2xATR,577,50.77989601386482,-0.3211929279189221,0.6043970777253975,-88.50665158110938,38.23455233291299,-11.746989510593108,-30.723491694921947
^KS11,1,15,time3d,nostop,428,46.96261682242991,-0.19549702466167446,0.8288436774252277,-77.0442386661096,43.177805800756616,-6.231462228806484,-14.432095640898195
^KS11,1,15,time3d,2xATR,435,47.356321839080465,-0.22080718280010966,0.8102532556885234,-80.51481851995398,42.77427490542245,-6.946356187595393,-16.239565025834747
^KS11,1,20,close>5SMA,nostop,469,55.010660980810236,-0.2991983996643406,0.6443997777622108,-83.02800815311264,43.85876418663304,-9.273944330714412,-21.145019707465583
^KS11,1,20,close>5SMA,2xATR,525,55.61904761904762,-0.26019963420363,0.7058835540766952,-82.43970608337234,40.1765447667087,-9.090419418484498,-22.626185181601404
^KS11,1,20,RSI>65,nostop,547,50.45703839122486,-0.36434924048746165,0.5625889016787016,-90.11401179944039,39.52080706179067,-12.587955990844524,-31.85146490344514
^KS11,1,20,RSI>65,2xATR,577,50.77989601386482,-0.3211929279189221,0.6043970777253975,-88.50665158110938,38.23455233291299,-11.746989510593108,-30.723491694921947
^KS11,1,20,time3d,nostop,428,46.96261682242991,-0.19549702466167446,0.8288436774252277,-77.0442386661096,43.177805800756616,-6.231462228806484,-14.432095640898195
^KS11,1,20,time3d,2xATR,435,47.356321839080465,-0.22080718280010966,0.8102532556885234,-80.51481851995398,42.77427490542245,-6.946356187595393,-16.239565025834747
^KS11,1,30,close>5SMA,nostop,469,55.010660980810236,-0.2991983996643406,0.6443997777622108,-83.02800815311264,43.85876418663304,-9.273944330714412,-21.145019707465583
^KS11,1,30,close>5SMA,2xATR,525,55.61904761904762,-0.26019963420363,0.7058835540766952,-82.43970608337234,40.1765447667087,-9.090419418484498,-22.626185181601404
^KS11,1,30,RSI>65,nostop,547,50.45703839122486,-0.36434924048746165,0.5625889016787016,-90.11401179944039,39.52080706179067,-12.587955990844524,-31.85146490344514
^KS11,1,30,RSI>65,2xATR,577,50.77989601386482,-0.3211929279189221,0.6043970777253975,-88.50665158110938,38.23455233291299,-11.746989510593108,-30.723491694921947
^KS11,1,30,time3d,nostop,428,46.96261682242991,-0.19549702466167446,0.8288436774252277,-77.0442386661096,43.177805800756616,-6.231462228806484,-14.432095640898195
^KS11,1,30,time3d,2xATR,435,47.356321839080465,-0.22080718280010966,0.8102532556885234,-80.51481851995398,42.77427490542245,-6.946356187595393,-16.239565025834747
^KS11,2,5,close>5SMA,nostop,51,62.745098039215684,0.4547185924173698,1.5650160625428133,-16.966161523602153,6.380832282471626,1.3578271459192548,21.27978116035512
^KS11,2,5,close>5SMA,2xATR,52,59.61538461538461,0.1304861495698161,1.1152600143609814,-19.889862709699013,5.573770491803279,0.27247264580210206,4.888479821743596
^KS11,2,5,RSI>65,nostop,51,64.70588235294117,0.5228783344058063,1.5444486338973915,-19.903325998591615,7.162673392181588,1.5270405293103195,21.31942147435006
^KS11,2,5,RSI>65,2xATR,52,61.53846153846154,0.17507739694347316,1.1339576643299907,-22.792071365871212,5.952080706179067,0.36821285283621386,6.186287972438932
^KS11,2,5,time3d,nostop,54,46.2962962962963,0.1788670692746299,1.1511833915780163,-20.514001996012475,5.447667087011349,0.4065084831514021,7.462065443033839
^KS11,2,5,time3d,2xATR,54,46.2962962962963,0.035723696240103485,1.02772419044506,-22.9687221444594,5.1954602774274905,-0.08714413824807421,-1.6773131463767683
^KS11,2,10,close>5SMA,nostop,97,59.79381443298969,0.22829249066704826,1.2642366524108837,-20.823176436762513,12.282471626733923,1.18207755521762,9.624101655929904
^KS11,2,10,close>5SMA,2xATR,105,59.04761904761905,-0.009571085645944373,0.9913192451166344,-25.457257717841753,10.693568726355613,-0.33141955125000067,-3.09924179411852
^KS11,2,10,RSI>65,nostop,96,60.416666666666664,0.1798606189180826,1.1787124321573539,-19.22776427963644,13.442622950819672,0.8014445742098086,5.961965734975406
^KS11,2,10,RSI>65,2xATR,104,59.61538461538461,-0.07406445919999638,0.9418035840398472,-25.057151684334002,11.197982345523329,-0.8118501020996094,-7.249967691047187
^KS11,2,10,time3d,nostop,112,49.107142857142854,0.039161092951000426,1.033155642711953,-23.2854606350548,11.298865069356873,-0.03524771251186554,-0.3119579913159528
^KS11,2,10,time3d,2xATR,113,48.67256637168141,-0.11628747940040951,0.909405984487616,-35.16557089620106,10.920554854981084,-1.156317309789956,-10.58844834484336
^KS11,2,15,close>5SMA,nostop,139,62.589928057553955,0.0915759138477689,1.1013080443778056,-26.194638332576282,16.796973518284993,0.47488107139079805,2.8271823544512227
^KS11,2,15,close>5SMA,2xATR,151,61.58940397350994,-0.1658099065062904,0.8561865478713544,-39.110821068130875,14.905422446406053,-1.9597962558587034,-13.14821007526186
^KS11,2,15,RSI>65,nostop,136,63.970588235294116,0.05164686504152634,1.0505716682922452,-23.338876176532995,18.10844892812106,0.033371860079478566,0.18428889305728763
^KS11,2,15,RSI>65,2xATR,150,62.66666666666667,-0.11750752138022649,0.9035167799125327,-37.74376450467758,15.485498108448928,-1.542530879313031,-9.961131818365095
^KS11,2,15,time3d,nostop,165,51.515151515151516,-0.2202160615248323,0.8213951722804448,-42.17350233936573,16.64564943253468,-2.7075087796913255,-16.26556410829713
^KS11,2,15,time3d,2xATR,165,50.90909090909091,-0.32060401214894707,0.7577321468636669,-49.811654398156925,16.116015132408577,-3.7381890467337198,-23.195492285288257
^KS11,2,20,close>5SMA,nostop,181,63.53591160220995,0.05859975975447929,1.0656956489063398,-21.66976086985546,21.790668348045397,0.27881533411904247,1.2795171293773187
^KS11,2,20,close>5SMA,2xATR,203,64.5320197044335,-0.05398636073673576,0.9508510790338695,-33.375019254062956,19.974779319041613,-1.2096982177731586,-6.0561280725638555
^KS11,2,20,RSI>65,nostop,174,64.36781609195403,0.018495655206029277,1.018537928876286,-30.033720432329602,23.278688524590162,-0.26677728425102964,-1.1460150943178034
^KS11,2,20,RSI>65,2xATR,198,64.64646464646465,-0.04872678190841955,0.958579385823825,-34.457260692035874,20.655737704918035,-1.1786849165593916,-5.706331738898641
^KS11,2,20,time3d,nostop,219,53.42465753424658,0.007022338830757017,1.006076575819287,-27.319041584936123,22.09331651954603,-0.49938713005823754,-2.26035384780926
^KS11,2,20,time3d,2xATR,221,52.94117647058824,-0.051466104114550465,0.9574566416939285,-35.01327410628806,21.6141235813367,-1.317655255597694,-6.096269648127019
^KS11,2,30,close>5SMA,nostop,218,60.09174311926605,-0.19515865175670133,0.8100980708367924,-49.741338440983895,26.30517023959647,-3.18414587394128,-12.104638916756638
^KS11,2,30,close>5SMA,2xATR,253,60.47430830039525,-0.26142277392488555,0.7786051989019681,-61.609200424303246,23.73266078184111,-4.699612342288184,-19.802298551724387
^KS11,2,30,RSI>65,nostop,207,59.90338164251207,-0.15874363297502064,0.84838133792278,-44.97191727026425,27.51576292559899,-2.623951142823744,-9.5361744099873
^KS11,2,30,RSI>65,2xATR,243,60.08230452674898,-0.25662550702832565,0.791330746194279,-59.27946992813915,24.539722572509458,-4.493599377577784,-18.311532920961884
^KS11,2,30,time3d,nostop,263,50.950570342205324,-0.21031647965228023,0.833619780071843,-60.95846779993148,26.532156368221944,-4.2033671222746705,-15.842538631006718
^KS11,2,30,time3d,2xATR,271,51.291512915129154,-0.18797732508458828,0.8501097427277873,-59.84907262050137,26.254728877679696,-3.875466530043148,-14.761022854583173
^KS11,3,5,close>5SMA,nostop,9,100.0,2.7177700659675,inf,-1.854967797477891,0.807061790668348,1.5321314553295773,189.84066313693043
^KS11,3,5,close>5SMA,2xATR,9,100.0,2.7177700659675,inf,-1.854967797477891,0.807061790668348,1.5321314553295773,189.84066313693043
^KS11,3,5,RSI>65,nostop,9,100.0,3.749389048944115,inf,-4.2862307988701165,1.4123581336696092,2.100282081557192,148.70747238168335
^KS11,3,5,RSI>65,2xATR,9,88.88888888888889,3.2919424151176795,10.467962842886342,-5.290734922024443,1.3619167717528373,1.8310947564047941,134.4498279471298
^KS11,3,5,time3d,nostop,9,88.88888888888889,2.482949464912139,28.925461003064257,-2.040664435120121,0.9079445145018915,1.3926611432458547,153.38615091582815
^KS11,3,5,time3d,2xATR,9,88.88888888888889,2.482949464912139,28.925461003064257,-2.040664435120121,0.9079445145018915,1.3926611432458547,153.38615091582815
^KS11,3,10,close>5SMA,nostop,35,68.57142857142857,0.6249912475545056,1.7754449928700553,-13.794005920428521,4.2622950819672125,1.3104131198899083,30.744307812801697
^KS11,3,10,close>5SMA,2xATR,36,69.44444444444444,0.627469668850924,1.761279177060889,-13.241420214841392,3.8083228247162677,1.3599791414002693,35.71071056723223
^KS11,3,10,RSI>65,nostop,35,68.57142857142857,1.140295638181309,2.172883327365528,-18.940701035526132,6.809583858764187,2.3907374218387734,35.108421768854576
^KS11,3,10,RSI>65,2xATR,36,66.66666666666666,0.9047253721541594,1.7873303678303805,-18.581228476860268,5.422446406052964,1.9407766938878135,35.791532982628745
^KS11,3,10,time3d,nostop,38,55.26315789473685,0.15105063774486036,1.159882589935568,-16.153023844247716,3.8335435056746534,0.286727380384888,7.479434626487374
^KS11,3,10,time3d,2xATR,38,55.26315789473685,0.1115685724802476,1.1133548374982005,-18.425876970263243,3.73266078184111,0.18837701239793336,5.046721987552742
^KS11,3,15,close>5SMA,nostop,63,60.317460317460316,0.36782259124552824,1.416435507080975,-19.116628944431348,7.793190416141235,1.318330867206785,16.916446241019106
^KS11,3,15,close>5SMA,2xATR,67,58.2089552238806,-0.017722769413230588,0.9864826365998527,-28.42784957589134,6.6834804539722565,-0.2985757757345109,-4.467369625612587
^KS11,3,15,RSI>65,nostop,61,65.57377049180327,0.9419811099164876,2.0065122372541673,-16.909114966221793,11.399747793190416,3.432571723589972,30.11094443370407
^KS11,3,15,RSI>65,2xATR,65,58.46153846153847,0.11374597389942774,1.0668205801415827,-26.645177259875265,8.575031525851198,0.1156516106084915,1.348701870772555
^KS11,3,15,time3d,nostop,69,46.3768115942029,0.18058852200220737,1.1467788566205277,-18.93709682320234,6.960907944514502,0.5386354471347277,7.738005608294185
^KS11,3,15,time3d,2xATR,70,47.14285714285714,0.022968703073229832,1.0166114112674143,-27.085029698669604,6.6834804539722565,-0.17420136237228379,-2.606446799268322
^KS11,3,20,close>5SMA,nostop,96,65.625,0.30616974974588507,1.3413696303537535,-16.266577731237454,11.853720050441362,1.6373715543438916,13.813145133986234
^KS11,3,20,close>5SMA,2xATR,106,64.15094339622641,0.13147289948019975,1.123992660072027,-13.579964429715352,10.517023959646911,0.6181072706648028,5.87720702202864
^KS11,3,20,RSI>65,nostop,88,68.18181818181817,0.6499926772344635,1.6409579181321872,-17.486756698166605,16.31778058007566,3.30676619039032,20.264803624262168
^KS11,3,20,RSI>65,2xATR,100,64.0,0.25233754126354435,1.1830161809965936,-15.149283867999907,12.837326607818412,1.1952207538961979,9.310511373670774
^KS11,3,20,time3d,nostop,112,51.78571428571429,-0.018174473786753846,0.9845475554681716,-22.13961365337269,11.298865069356873,-0.44398574903988797,-3.929472086926687
^KS11,3,20,time3d,2xATR,113,51.32743362831859,-0.10630341036245997,0.9131374228423241,-22.77572464757811,10.94577553593947,-1.061108100407404,-9.694224926533082
^KS11,3,30,close>5SMA,nostop,155,60.64516129032258,-0.05650345276044892,0.9433809651451959,-34.11426984425353,19.419924337957127,-0.9335168349840051,-4.8070055204046485
^KS11,3,30,close>5SMA,2xATR,176,60.79545454545454,-0.22852803452590645,0.813042392377111,-49.81297905095139,17.57881462799496,-2.9911987618562064,-17.015929828923753
^KS11,3,30,RSI>65,nostop,131,63.358778625954194,0.04747485438509704,1.040060582419823,-29.928841184910237,24.438839848675915,-0.12183085253839598,-0.49851324077888554
^KS11,3,30,RSI>65,2xATR,160,61.875,-0.08484049981755323,0.9411638133677267,-31.913977909247148,19.94955863808323,-1.4540002305479915,-7.2883829508505515
^KS11,3,30,time3d,nostop,189,51.85185185185185,-0.08783158247567424,0.928340627293367,-35.27077057498561,19.066834804539724,-1.6036818897517513,-8.410844831832929
^KS11,3,30,time3d,2xATR,191,50.26178010471204,-0.20204777765066126,0.8436836592424908,-43.332296940938996,18.612862547288778,-2.9476585418389156,-15.836674957169784
^KS11,4,5,close>5SMA,nostop,0,0.0,0.0,0.0,0.0,0.0,0.0,0.0
^KS11,4,5,close>5SMA,2xATR,0,0.0,0.0,0.0,0.0,0.0,0.0,0.0
^KS11,4,5,RSI>65,nostop,0,0.0,0.0,0.0,0.0,0.0,0.0,0.0
^KS11,4,5,RSI>65,2xATR,0,0.0,0.0,0.0,0.0,0.0,0.0,0.0
^KS11,4,5,time3d,nostop,0,0.0,0.0,0.0,0.0,0.0,0.0,0.0
^KS11,4,5,time3d,2xATR,0,0.0,0.0,0.0,0.0,0.0,0.0,0.0
^KS11,4,10,close>5SMA,nostop,14,92.85714285714286,2.2994633246290594,16.025458217937885,-7.242983100999312,1.2610340479192939,2.0195847664232103,160.15307197736058
^KS11,4,10,close>5SMA,2xATR,14,92.85714285714286,2.016616512065599,5.626491450798838,-6.184395648176477,1.210592686002522,1.7526586561124269,144.77690773928694
^KS11,4,10,RSI>65,nostop,14,85.71428571428571,3.029959221037567,30.618217803336883,-14.31223407230221,4.010088272383355,2.6383381426825947,65.79252035054394
^KS11,4,10,RSI>65,2xATR,14,71.42857142857143,1.8781093755767957,2.7210554867598327,-14.31223407230221,3.5056746532156366,1.5731820385730622,44.87530059670642
^KS11,4,10,time3d,nostop,14,78.57142857142857,2.0400950308038426,10.309156335930258,-8.796645638665023,1.4123581336696092,1.7761810271059275,125.7599602227679
^KS11,4,10,time3d,2xATR,14,78.57142857142857,1.7572482182403821,4.500521614121354,-7.8715454916403305,1.3619167717528373,1.5098917632743847,110.86520076635065
^KS11,4,15,close>5SMA,nostop,32,65.625,0.6185822052646682,1.7371705317111747,-12.735055657062688,3.959646910466583,1.1842409187604375,29.90774040054226
^KS11,4,15,close>5SMA,2xATR,33,66.66666666666666,0.5760948740413673,1.6376796920712597,-13.949865271996774,3.5308953341740232,1.1313265977929143,32.040785430349324
^KS11,4,15,RSI>65,nostop,30,63.33333333333333,1.044804066071987,1.9787029229474138,-16.323780472138537,9.255989911727616,1.8680049132281606,20.18157896716528
^KS11,4,15,RSI>65,2xATR,32,56.25,0.20999676184692076,1.117554345917611,-19.758627831718634,6.027742749054225,0.2503392037476182,4.153116915729314
^KS11,4,15,time3d,nostop,36,52.77777777777778,0.09424574295964772,1.0971493548525086,-15.775329505242741,3.631778058007566,0.1451174736808003,3.9957693273914807
^KS11,4,15,time3d,2xATR,36,52.77777777777778,-0.03339821832512394,0.9695759137247281,-20.246268811591417,3.5056746532156366,-0.15845504769126384,-4.519958734502598
^KS11,4,20,close>5SMA,nostop,48,66.66666666666666,0.6930969833821143,1.8674480075011524,-12.88239583732642,5.699873896595208,2.002974548602121,35.14068179295314
^KS11,4,20,close>5SMA,2xATR,53,64.15094339622641,0.39481266848373053,1.3540422214980887,-21.965478241613578,5.1197982345523325,1.167660078900834,22.806759669171463
^KS11,4,20,RSI>65,nostop,41,63.41463414634146,1.1709431234647283,2.1185772171523873,-16.810208807185344,11.727616645649434,2.8592693765740806,24.380651780895114
^KS11,4,20,RSI>65,2xATR,48,56.25,0.3970092414556245,1.212348221467984,-26.81863606997137,7.944514501891551,0.8788779649517853,11.062702003281995
^KS11,4,20,time3d,nostop,54,53.70370370370371,0.48320951215421026,1.4295146815895423,-14.546239087514234,5.447667087011349,1.4497603732421593,26.61249944400538
^KS11,4,20,time3d,2xATR,55,54.54545454545454,0.39745588336966886,1.3310786963054517,-18.35004390627859,5.296343001261034,1.171198495189807,22.113343016321828
^KS11,4,30,close>5SMA,nostop,113,59.29203539823009,-0.050670504658708294,0.9513213448589638,-20.71058841667074,14.527112232030264,-0.6574090935006494,-4.525394193975824
^KS11,4,30,close>5SMA,2xATR,130,58.46153846153847,-0.16753692347992988,0.8614571039142719,-30.375013485048797,13.190416141235813,-1.7157852500345516,-13.007817430950281
^KS11,4,30,RSI>65,nostop,87,65.51724137931035,0.1876289621745958,1.1255892988540879,-27.57041689864882,23.60655737704918,0.5262282264350882,2.2291612369819704
^KS11,4,30,RSI>65,2xATR,112,56.25,-0.07900296786148633,0.9563259032445522,-24.37060953241802,17.93190416141236,-1.1406074959673718,-6.360771760211855
^KS11,4,30,time3d,nostop,139,50.35971223021583,-0.2601635009126787,0.8117448429902622,-36.05657520979889,14.022698612862547,-2.7087307199955224,-19.31675774241411
^KS11,4,30,time3d,2xATR,142,50.0,-0.28844164416134405,0.7921558170551645,-42.43869674241893,13.82093316519546,-2.9825201134468404,-21.579730382877234
^HSI,1,5,close>5SMA,nostop,826,47.336561743341406,-0.4822503370372733,0.4485418432535788,-98.69221304910015,48.8100793280448,-15.316338286043552,-31.379457884312934
^HSI,1,5,close>5SMA,2xATR,932,47.21030042918455,-0.430092094529977,0.49649994180420237,-98.55531275015852,44.45481412350288,-15.083915222093491,-33.930892569222905
^HSI,1,5,RSI>65,nostop,977,43.091095189355165,-0.45721796386948566,0.43484728941046125,-99.07727576357031,44.57925027220407,-16.625436522299143,-37.29411423651822
^HSI,1,5,RSI>65,2xATR,1023,43.30400782013685,-0.42658551775069814,0.45829146122596415,-98.95523788471785,42.91491678332556,-16.203982746409228,-37.758392561313855
^HSI,1,5,time3d,nostop,771,44.61738002594034,-0.2713001595413339,0.7463280469509281,-90.67612370595526,47.923471768548765,-8.69396369644797,-18.14134781060175
^HSI,1,5,time3d,2xATR,791,44.121365360303415,-0.2620034621942809,0.7524345316119584,-90.46294643619296,47.51905428526987,-8.594081206339599,-18.085547651573577
^HSI,1,10,close>5SMA,nostop,826,47.336561743341406,-0.4822503370372733,0.4485418432535788,-98.69221304910015,48.8100793280448,-15.316338286043552,-31.379457884312934
^HSI,1,10,close>5SMA,2xATR,932,47.21030042918455,-0.430092094529977,0.49649994180420237,-98.55531275015852,44.45481412350288,-15.083915222093491,-33.930892569222905
^HSI,1,10,RSI>65,nostop,977,43.091095189355165,-0.45721796386948566,0.43484728941046125,-99.07727576357031,44.57925027220407,-16.625436522299143,-37.29411423651822
^HSI,1,10,RSI>65,2xATR,1023,43.30400782013685,-0.42658551775069814,0.45829146122596415,-98.95523788471785,42.91491678332556,-16.203982746409228,-37.758392561313855
^HSI,1,10,time3d,nostop,771,44.61738002594034,-0.2713001595413339,0.7463280469509281,-90.67612370595526,47.923471768548765,-8.69396369644797,-18.14134781060175
^HSI,1,10,time3d,2xATR,791,44.121365360303415,-0.2620034621942809,0.7524345316119584,-90.46294643619296,47.51905428526987,-8.594081206339599,-18.085547651573577
^HSI,1,15,close>5SMA,nostop,826,47.336561743341406,-0.4822503370372733,0.4485418432535788,-98.69221304910015,48.8100793280448,-15.316338286043552,-31.379457884312934
^HSI,1,15,close>5SMA,2xATR,932,47.21030042918455,-0.430092094529977,0.49649994180420237,-98.55531275015852,44.45481412350288,-15.083915222093491,-33.930892569222905
^HSI,1,15,RSI>65,nostop,977,43.091095189355165,-0.45721796386948566,0.43484728941046125,-99.07727576357031,44.57925027220407,-16.625436522299143,-37.29411423651822
^HSI,1,15,RSI>65,2xATR,1023,43.30400782013685,-0.42658551775069814,0.45829146122596415,-98.95523788471785,42.91491678332556,-16.203982746409228,-37.758392561313855
^HSI,1,15,time3d,nostop,771,44.61738002594034,-0.2713001595413339,0.7463280469509281,-90.67612370595526,47.923471768548765,-8.69396369644797,-18.14134781060175
^HSI,1,15,time3d,2xATR,791,44.121365360303415,-0.2620034621942809,0.7524345316119584,-90.46294643619296,47.51905428526987,-8.594081206339599,-18.085547651573577
^HSI,1,20,close>5SMA,nostop,826,47.336561743341406,-0.4822503370372733,0.4485418432535788,-98.69221304910015,48.8100793280448,-15.316338286043552,-31.379457884312934
^HSI,1,20,close>5SMA,2xATR,932,47.21030042918455,-0.430092094529977,0.49649994180420237,-98.55531275015852,44.45481412350288,-15.083915222093491,-33.930892569222905
^HSI,1,20,RSI>65,nostop,977,43.091095189355165,-0.45721796386948566,0.43484728941046125,-99.07727576357031,44.57925027220407,-16.625436522299143,-37.29411423651822
^HSI,1,20,RSI>65,2xATR,1023,43.30400782013685,-0.42658551775069814,0.45829146122596415,-98.95523788471785,42.91491678332556,-16.203982746409228,-37.758392561313855
^HSI,1,20,time3d,nostop,771,44.61738002594034,-0.2713001595413339,0.7463280469509281,-90.67612370595526,47.923471768548765,-8.69396369644797,-18.14134781060175
^HSI,1,20,time3d,2xATR,791,44.121365360303415,-0.2620034621942809,0.7524345316119584,-90.46294643619296,47.51905428526987,-8.594081206339599,-18.085547651573577
^HSI,1,30,close>5SMA,nostop,826,47.336561743341406,-0.4822503370372733,0.4485418432535788,-98.69221304910015,48.8100793280448,-15.316338286043552,-31.379457884312934
^HSI,1,30,close>5SMA,2xATR,932,47.21030042918455,-0.430092094529977,0.49649994180420237,-98.55531275015852,44.45481412350288,-15.083915222093491,-33.930892569222905
^HSI,1,30,RSI>65,nostop,977,43.091095189355165,-0.45721796386948566,0.43484728941046125,-99.07727576357031,44.57925027220407,-16.625436522299143,-37.29411423651822
^HSI,1,30,RSI>65,2xATR,1023,43.30400782013685,-0.42658551775069814,0.45829146122596415,-98.95523788471785,42.91491678332556,-16.203982746409228,-37.758392561313855
^HSI,1,30,time3d,nostop,771,44.61738002594034,-0.2713001595413339,0.7463280469509281,-90.67612370595526,47.923471768548765,-8.69396369644797,-18.14134781060175
^HSI,1,30,time3d,2xATR,791,44.121365360303415,-0.2620034621942809,0.7524345316119584,-90.46294643619296,47.51905428526987,-8.594081206339599,-18.085547651573577
^HSI,2,5,close>5SMA,nostop,119,57.14285714285714,-0.23040890843515147,0.8014124409444797,-47.47923613890431,9.846010265982267,-1.3865785588762392,-14.08264384678569
^HSI,2,5,close>5SMA,2xATR,126,53.17460317460318,-0.21196839714151255,0.8017833236268943,-37.796721558721124,8.057240628402552,-1.2011669775863543,-14.90791988205149
^HSI,2,5,RSI>65,nostop,116,59.48275862068966,-0.13497048475097057,0.8814200584918623,-42.03102798582875,11.432571161922539,-0.8908422155644691,-7.792142318182274
^HSI,2,5,RSI>65,2xATR,125,56.00000000000001,-0.24409410776098228,0.791970291338175,-39.46183109346948,9.14605692953803,-1.368206501867697,-14.959523130114667
^HSI,2,5,time3d,nostop,128,37.5,-0.26256040441523565,0.7522083052546291,-34.11155139010326,7.963913516876653,-1.462093513350804,-18.358982807289685
^HSI,2,5,time3d,2xATR,128,36.71875,-0.3423140249953742,0.6895430875068965,-42.65933904969168,7.6372686265360095,-1.8544278392778613,-24.28129649433273
^HSI,2,10,close>5SMA,nostop,198,58.080808080808076,-0.26681364141121894,0.7619572873818793,-64.02564040896321,16.067817701042152,-2.48255213100409,-15.450462391311998
^HSI,2,10,close>5SMA,2xATR,220,56.36363636363636,-0.2040055986892478,0.8024646783936042,-49.16699227098237,13.796857987245295,-1.9977425005617944,-14.479691697983963
^HSI,2,10,RSI>65,nostop,190,60.0,-0.18681702349718501,0.8337003724207199,-57.34795054264188,17.79436926427127,-1.779165516767467,-9.998474744141648
^HSI,2,10,RSI>65,2xATR,216,58.79629629629629,-0.1678048808971526,0.8468504768852873,-46.08999252071027,14.823456214030175,-1.6955801666485915,-11.43849411477838
^HSI,2,10,time3d,nostop,232,43.53448275862069,-0.14738352808632754,0.8605436522707763,-45.44445226942149,14.434593249338935,-1.6468790126271893,-11.409251263125215
^HSI,2,10,time3d,2xATR,239,43.09623430962343,-0.19372670146812754,0.8203876481270721,-48.576275168413595,14.232384507699486,-2.099463703578275,-14.75131382546965
^HSI,2,15,close>5SMA,nostop,248,56.451612903225815,-0.42807121501171713,0.6246844035382131,-72.25828580284266,20.298646756882874,-4.630345605501384,-22.81110490250452
^HSI,2,15,close>5SMA,2xATR,287,56.44599303135889,-0.30323960778094966,0.7058012290058859,-65.16336539276199,18.074350598848966,-3.645286567741346,-20.168285149749668
^HSI,2,15,RSI>65,nostop,234,57.26495726495726,-0.36032337547217724,0.6863591789230121,-67.15373509779921,22.071861875874944,-3.7739667109925934,-17.09854262506792
^HSI,2,15,RSI>65,2xATR,278,56.11510791366906,-0.2873028753522353,0.7353488136413159,-62.490596015255775,19.272048530097994,-3.3954109923304943,-17.618319023157987
^HSI,2,15,time3d,nostop,305,43.278688524590166,-0.3480208756778856,0.6974510534099809,-70.17346302016423,18.97651267693265,-4.4625712322441835,-23.516287255817915
^HSI,2,15,time3d,2xATR,318,42.76729559748428,-0.3500595448465466,0.6929123656470255,-72.60840385601377,18.9920671955203,-4.624532287473193,-24.34981005418932
^HSI,2,20,close>5SMA,nostop,287,54.00696864111498,-0.561077938207105,0.5436140140515534,-83.54121160699782,23.658422771815214,-6.735136400675856,-28.46823926360623
^HSI,2,20,close>5SMA,2xATR,337,54.3026706231454,-0.4351560432711385,0.6118103603485537,-79.60040793921817,20.98304557473946,-5.924619675145171,-28.23527049036939
^HSI,2,20,RSI>65,nostop,265,54.339622641509436,-0.5311982989449275,0.5817412259127357,-80.72120214135045,25.52496500233318,-5.955101848865274,-23.33049956511569
^HSI,2,20,RSI>65,2xATR,322,54.347826086956516,-0.4262074135432374,0.6385799436240379,-77.84913171260486,22.27407061751439,-5.596427622678735,-25.125302504330712
^HSI,2,20,time3d,nostop,359,41.22562674094708,-0.5183338522247857,0.5853123880862952,-86.44186418556741,22.336288691864986,-7.5224031369615085,-33.67794552056096
^HSI,2,20,time3d,2xATR,374,40.64171122994652,-0.47723970554491707,0.6018549119539278,-84.9924657108448,22.305179654689688,-7.1535063175558244,-32.07105447389567
^HSI,2,30,close>5SMA,nostop,366,53.825136612021865,-0.5872824229633281,0.5060725478140049,-91.00195025850275,29.366931093482656,-8.784340704915184,-29.91235508045536
^HSI,2,30,close>5SMA,2xATR,433,53.34872979214781,-0.4564128092247376,0.5794861363669886,-88.10221215685684,26.427127080416863,-7.85689910188011,-29.730432210704663
^HSI,2,30,RSI>65,nostop,332,53.6144578313253,-0.632063483428452,0.508748122157826,-90.64722435831958,31.684554363042466,-8.622022123319084,-27.212066878163174
^HSI,2,30,RSI>65,2xATR,405,53.827160493827165,-0.47116406251228937,0.5952021891625,-87.42324010743548,27.811479234717684,-7.629023625488407,-27.431204076210832
^HSI,2,30,time3d,nostop,465,42.58064516129032,-0.3961702951431437,0.6578888353813058,-86.66923864023714,28.931404573028463,-7.543898477679534,-26.075120060753616
^HSI,2,30,time3d,2xATR,477,41.92872117400419,-0.38105554562289773,0.6631622329163687,-85.99745107069992,28.52698708974957,-7.36555040082183,-25.819587528289826
^HSI,3,5,close>5SMA,nostop,26,53.84615384615385,-0.5552033279954038,0.6595210755152114,-31.75342663950933,2.504277492611604,-0.647375290415797,-25.85078100672769
^HSI,3,5,close>5SMA,2xATR,27,44.44444444444444,-0.8040017632120207,0.5077786875782228,-26.552368977196352,1.726551563229118,-0.9019057627682514,-52.23740674628008
^HSI,3,5,RSI>65,nostop,26,69.23076923076923,0.3947312443852811,1.302165786367571,-31.75342663950933,3.5930937937470833,0.3097613071005201,8.621019235278112
^HSI,3,5,RSI>65,2xATR,27,51.85185185185185,-0.4773537436487888,0.7378388867916935,-21.974198925795008,2.3642868253227562,-0.5757786937903187,-24.3531659366971
^HSI,3,5,time3d,nostop,26,38.46153846153847,-0.0003930978177934164,0.9996358364110945,-12.198555624809737,1.61766993311557,-0.04250963920082729,-2.6278314463665255
^HSI,3,5,time3d,2xATR,27,33.33333333333333,-0.5644952024453216,0.6152159492752067,-22.800799737053033,1.5710063773526208,-0.6455132662458674,-41.089156323709716
^HSI,3,10,close>5SMA,nostop,81,55.55555555555556,-0.027259287983920712,0.9737558133270348,-31.753426639509318,6.703997511277025,-0.23133617783123173,-3.4507199240765405
^HSI,3,10,close>5SMA,2xATR,87,51.724137931034484,-0.17752974883733277,0.8365158204304889,-27.67706046614904,5.475190542852699,-0.7196321643522241,-13.143509047217181
^HSI,3,10,RSI>65,nostop,76,67.10526315789474,0.4088003543089379,1.3867289296620537,-31.753426639509318,10.032664489034063,1.0481031280290098,10.446906992400782
^HSI,3,10,RSI>65,2xATR,85,61.1764705882353,0.10129778134221883,1.0775854654606507,-35.32102299513787,7.761704775237206,0.16181046910062058,2.0847284686330454
^HSI,3,10,time3d,nostop,87,41.37931034482759,-0.23362048175280878,0.7801015017245384,-32.475332693846795,5.412972468502099,-0.9083529604593577,-16.781037881589686
^HSI,3,10,time3d,2xATR,88,39.77272727272727,-0.3186292472609656,0.7062107400208103,-33.95072989080177,5.257427282625603,-1.1975107552697595,-22.777504868725693
^HSI,3,15,close>5SMA,nostop,136,59.55882352941176,-0.11576430226371509,0.8958047577669926,-51.37342506423232,10.8570539741795,-0.97202237841435,-8.952910989721856
^HSI,3,15,close>5SMA,2xATR,150,58.666666666666664,-0.03246334701254201,0.9663816471841468,-31.950499659860675,9.301602115414529,-0.3770010079039099,-4.053076053201065
^HSI,3,15,RSI>65,nostop,125,65.60000000000001,0.20783068466668234,1.1724105215800271,-40.96167006744452,16.098926738217454,0.6414882851694337,3.984664913385786
^HSI,3,15,RSI>65,2xATR,144,62.5,0.15541300449360695,1.125235493125384,-24.371850811172425,12.848032353398661,0.5965660276427087,4.643248173989074
^HSI,3,15,time3d,nostop,156,41.66666666666667,-0.07651444255892628,0.9245779791671456,-25.746005565502163,9.70601959869342,-0.6761304520250033,-6.966094032161453
^HSI,3,15,time3d,2xATR,159,41.509433962264154,-0.07727744789065367,0.9216800498743304,-22.647978351738796,9.550474412816923,-0.6749663721138277,-7.067359619413352
^HSI,3,20,close>5SMA,nostop,180,56.111111111111114,-0.42779534203987474,0.6394663142040543,-67.18192763635817,14.730129102504277,-3.4405424173961197,-23.357177615036594
^HSI,3,20,close>5SMA,2xATR,202,54.45544554455446,-0.3404216639147277,0.678409456733384,-54.78229428901131,12.723596204697465,-2.872649369534741,-22.577338382321333
^HSI,3,20,RSI>65,nostop,154,62.33766233766234,-0.19559923198937673,0.851847604484903,-51.57068366757436,19.95644734795458,-1.6680525483316333,-8.358464406254148
^HSI,3,20,RSI>65,2xATR,187,58.288770053475936,-0.20704022033311364,0.8400555150208874,-41.299400769899755,16.036708663866854,-1.806180078223496,-11.262785376235554
^HSI,3,20,time3d,nostop,218,41.284403669724774,-0.2481459205659746,0.7659550535735868,-48.49299749851994,13.563540208430549,-2.3714244095709214,-17.4838159737746
^HSI,3,20,time3d,2xATR,224,41.517857142857146,-0.23867085480026848,0.775852553807398,-45.98222262685776,13.299113392440503,-2.3333389275373873,-17.54507130425481
^HSI,3,30,close>5SMA,nostop,267,54.30711610486891,-0.5539476211875244,0.5432341109284055,-81.24184531923053,22.10297091305024,-6.221857219063731,-28.149415947474125
^HSI,3,30,close>5SMA,2xATR,318,53.459119496855344,-0.4305574037464505,0.6092658018391418,-77.79529568177195,20.12754705241873,-5.545617410877712,-27.55237583812427
^HSI,3,30,RSI>65,nostop,214,60.280373831775705,-0.4401250717975309,0.6831984001054652,-69.53575677850435,28.231451236584228,-4.315811903399769,-15.287247783447448
^HSI,3,30,RSI>65,2xATR,278,57.194244604316545,-0.3190713434654825,0.7568678272961171,-66.38101014424022,24.047285736506456,-3.8305355553896914,-15.929180521086884
^HSI,3,30,time3d,nostop,341,41.05571847507331,-0.48288707282358917,0.6074968880440232,-83.26761317476533,21.216363353554208,-6.720586901905701,-31.676431959202166
^HSI,3,30,time3d,2xATR,355,40.563380281690144,-0.4367662026165814,0.6333917830803343,-81.73082724951459,21.13859076061596,-6.291904882838894,-29.765015814401217
^HSI,4,5,close>5SMA,nostop,4,25.0,-0.3579089171833969,0.21041924343890786,-4.034909866563474,0.35775392751594337,-0.0563584926038585,-15.753423867400274
^HSI,4,5,close>5SMA,2xATR,4,25.0,-1.9436039687504458,0.046778621034903274,-8.406799902978834,0.3266448903406439,-0.3090166845960862,-94.60325072705898
^HSI,4,5,RSI>65,nostop,4,75.0,0.6607902413377498,2.245078138437401,-6.1011785230946085,0.6688442992689376,0.10087328870194145,15.081729606157712
^HSI,4,5,RSI>65,2xATR,4,50.0,-1.151282050660138,0.35090003099861067,-6.508851353778667,0.4199720018665422,-0.18571692920945626,-44.2212643662072
^HSI,4,5,time3d,nostop,4,25.0,-1.3443181805025461,0.034396556503168065,-5.963513011995181,0.24887229740239541,-0.21348701998200603,-85.7817532165198
^HSI,4,5,time3d,2xATR,4,25.0,-1.3235283394254282,0.0349179878216747,-5.882341302010863,0.24887229740239541,-0.21011214856002658,-84.42568769327568
^HSI,4,10,close>5SMA,nostop,27,59.25925925925925,-0.2579811315367109,0.8313016421788709,-31.75342663950933,2.535386529786903,-0.3594030056053521,-14.17547192047122
^HSI,4,10,close>5SMA,2xATR,29,51.724137931034484,-0.5049775788891442,0.6718601966942662,-24.724408996617875,1.8665422305179653,-0.6323916652990147,-33.88038346839471
^HSI,4,10,RSI>65,nostop,26,65.38461538461539,0.23412253142823333,1.1633511298980985,-31.75342663950933,5.724062840255094,0.12055508507489154,2.1061104400719506
^HSI,4,10,RSI>65,2xATR,28,57.14285714285714,-0.12386137826213561,0.9263370784089736,-21.86899377105468,3.5619847565717846,-0.21236005265138358,-5.961846194304563
^HSI,4,10,time3d,nostop,29,44.827586206896555,0.1555589554751979,1.1573190244729867,-14.792811288680074,1.8043241561673669,0.13551004559271274,7.510293819961639
^HSI,4,10,time3d,2xATR,30,40.0,-0.3404936143382316,0.7427959880973091,-21.41668564200342,1.773215118992067,-0.44833497925435006,-25.283733172159796
^HSI,4,15,close>5SMA,nostop,62,50.0,-0.2335636891781458,0.8136357280694262,-31.753426639509318,5.444081505677399,-0.6971385412792852,-12.805439091098641
^HSI,4,15,close>5SMA,2xATR,71,47.88732394366197,-0.25667758400808244,0.7822657154831346,-29.28988748445862,4.464146834655468,-0.8132236153165384,-18.216775689442596
^HSI,4,15,RSI>65,nostop,54,62.96296296296296,0.07623938146071463,1.0498783884658243,-31.75342663950933,11.323689531808991,-0.04571479500895537,-0.40370936416562364
^HSI,4,15,RSI>65,2xATR,64,56.25,-0.24495883064577714,0.8527742249075138,-33.3095282704314,8.166122258516099,-0.7739127260536494,-9.47711412533126
^HSI,4,15,time3d,nostop,72,44.44444444444444,-0.16932170394097576,0.8468952878271591,-32.761597896462,4.479701353243117,-0.5824001252868527,-13.000869463434638
^HSI,4,15,time3d,2xATR,73,42.465753424657535,-0.22796062203884992,0.7903437555382319,-31.84644027305451,4.33971068595427,-0.7404365630661935,-17.061887684417773
^HSI,4,20,close>5SMA,nostop,120,58.333333333333336,-0.05530787821517267,0.9496333008379807,-42.93119814128937,9.441592782703376,-0.5876056563546506,-6.223586103301562
^HSI,4,20,close>5SMA,2xATR,134,56.71641791044776,0.0335957357849458,1.0362395453106226,-21.83637724683448,8.243894851454348,0.008750147962732768,0.1061409457592622
^HSI,4,20,RSI>65,nostop,100,69.0,0.15720110601420434,1.0947644646118215,-40.80888398683633,18.97651267693265,0.06632026690915893,0.3494860622614613
^HSI,4,20,RSI>65,2xATR,121,60.33057851239669,0.16416479578987722,1.1118058913004847,-21.77255740333238,14.092393840410638,0.4546477700533069,3.226192619947804
^HSI,4,20,time3d,nostop,137,38.68613138686132,-0.14405318117044372,0.858890831971913,-33.55874784453731,8.523876186032043,-0.9573674094635942,-11.231596852995342
^HSI,4,20,time3d,2xATR,141,39.00709219858156,-0.12660618627676104,0.8748964835761797,-29.361846975354144,8.399440037330844,-0.8801077250796485,-10.47817141580937
^HSI,4,30,close>5SMA,nostop,212,56.60377358490566,-0.4864080765881098,0.5904432162232531,-73.29521669658084,17.28107015087883,-4.463342903971379,-25.82793116978577
^HSI,4,30,close>5SMA,2xATR,244,54.09836065573771,-0.4004108028337439,0.6266068443358027,-65.52144006133202,15.538964069062061,-4.006705120043885,-25.784892108871013
^HSI,4,30,RSI>65,nostop,148,66.8918918918919,-0.2998294810140125,0.8143120502132476,-60.691462743307234,26.722662933582203,-2.4313349911520454,-9.098400848729046
^HSI,4,30,RSI>65,2xATR,198,60.1010101010101,-0.19544513755259812,0.8604198570474294,-42.47386246143907,21.714107948359,-1.8619807827275459,-8.574981699251712
^HSI,4,30,time3d,nostop,266,41.72932330827068,-0.374391859353541,0.6724639399067359,-67.39719248957724,16.550007777259292,-4.199544390680254,-25.374878653837737
^HSI,4,30,time3d,2xATR,275,41.45454545454545,-0.3599652689746294,0.6814933349635498,-66.36533163848475,16.3011354798569,-4.124123652185496,-25.299609694561596
^AXJO,1,5,close>5SMA,nostop,739,42.48985115020298,-0.3333376424762652,0.3671336827999417,-92.05993203571995,52.73514364423455,-11.747604584798433,-22.27661436565136
^AXJO,1,5,close>5SMA,2xATR,821,43.23995127892813,-0.2911807547948156,0.4168197317990658,-91.31767621651606,47.77646595828414,-11.355651566161118,-23.76829541154481
^AXJO,1,5,RSI>65,nostop,857,35.58926487747958,-0.3732069487125167,0.28562781202394194,-96.13145041365613,47.8551751279024,-14.867054456348905,-31.066764287485665
^AXJO,1,5,RSI>65,2xATR,898,36.191536748329625,-0.32543411866805666,0.31891817796514665,-94.83460706603354,45.67099567099567,-13.637831740867167,-29.861034427870287
^AXJO,1,5,time3d,nostop,654,41.437308868501525,-0.33172219019186105,0.5195366498802394,-89.73209001751307,51.416765053128685,-10.495057169295574,-20.411741498032953
^AXJO,1,5,time3d,2xATR,673,42.199108469539375,-0.2542380185031563,0.5961069263147544,-84.50384712544799,50.98386462022826,-8.371548719380185,-16.41999636892709
^AXJO,1,10,close>5SMA,nostop,739,42.48985115020298,-0.3333376424762652,0.3671336827999417,-92.05993203571995,52.73514364423455,-11.747604584798433,-22.27661436565136
^AXJO,1,10,close>5SMA,2xATR,821,43.23995127892813,-0.2911807547948156,0.4168197317990658,-91.31767621651606,47.77646595828414,-11.355651566161118,-23.76829541154481
^AXJO,1,10,RSI>65,nostop,857,35.58926487747958,-0.3732069487125167,0.28562781202394194,-96.13145041365613,47.8551751279024,-14.867054456348905,-31.066764287485665
^AXJO,1,10,RSI>65,2xATR,898,36.191536748329625,-0.32543411866805666,0.31891817796514665,-94.83460706603354,45.67099567099567,-13.637831740867167,-29.861034427870287
^AXJO,1,10,time3d,nostop,654,41.437308868501525,-0.33172219019186105,0.5195366498802394,-89.73209001751307,51.416765053128685,-10.495057169295574,-20.411741498032953
^AXJO,1,10,time3d,2xATR,673,42.199108469539375,-0.2542380185031563,0.5961069263147544,-84.50384712544799,50.98386462022826,-8.371548719380185,-16.41999636892709
^AXJO,1,15,close>5SMA,nostop,739,42.48985115020298,-0.3333376424762652,0.3671336827999417,-92.05993203571995,52.73514364423455,-11.747604584798433,-22.27661436565136
^AXJO,1,15,close>5SMA,2xATR,821,43.23995127892813,-0.2911807547948156,0.4168197317990658,-91.31767621651606,47.77646595828414,-11.355651566161118,-23.76829541154481
^AXJO,1,15,RSI>65,nostop,857,35.58926487747958,-0.3732069487125167,0.28562781202394194,-96.13145041365613,47.8551751279024,-14.867054456348905,-31.066764287485665
^AXJO,1,15,RSI>65,2xATR,898,36.191536748329625,-0.32543411866805666,0.31891817796514665,-94.83460706603354,45.67099567099567,-13.637831740867167,-29.861034427870287
^AXJO,1,15,time3d,nostop,654,41.437308868501525,-0.33172219019186105,0.5195366498802394,-89.73209001751307,51.416765053128685,-10.495057169295574,-20.411741498032953
^AXJO,1,15,time3d,2xATR,673,42.199108469539375,-0.2542380185031563,0.5961069263147544,-84.50384712544799,50.98386462022826,-8.371548719380185,-16.41999636892709
^AXJO,1,20,close>5SMA,nostop,739,42.48985115020298,-0.3333376424762652,0.3671336827999417,-92.05993203571995,52.73514364423455,-11.747604584798433,-22.27661436565136
^AXJO,1,20,close>5SMA,2xATR,821,43.23995127892813,-0.2911807547948156,0.4168197317990658,-91.31767621651606,47.77646595828414,-11.355651566161118,-23.76829541154481
^AXJO,1,20,RSI>65,nostop,857,35.58926487747958,-0.3732069487125167,0.28562781202394194,-96.13145041365613,47.8551751279024,-14.867054456348905,-31.066764287485665
^AXJO,1,20,RSI>65,2xATR,898,36.191536748329625,-0.32543411866805666,0.31891817796514665,-94.83460706603354,45.67099567099567,-13.637831740867167,-29.861034427870287
^AXJO,1,20,time3d,nostop,654,41.437308868501525,-0.33172219019186105,0.5195366498802394,-89.73209001751307,51.416765053128685,-10.495057169295574,-20.411741498032953
^AXJO,1,20,time3d,2xATR,673,42.199108469539375,-0.2542380185031563,0.5961069263147544,-84.50384712544799,50.98386462022826,-8.371548719380185,-16.41999636892709
^AXJO,1,30,close>5SMA,nostop,739,42.48985115020298,-0.3333376424762652,0.3671336827999417,-92.05993203571995,52.73514364423455,-11.747604584798433,-22.27661436565136
^AXJO,1,30,close>5SMA,2xATR,821,43.23995127892813,-0.2911807547948156,0.4168197317990658,-91.31767621651606,47.77646595828414,-11.355651566161118,-23.76829541154481
^AXJO,1,30,RSI>65,nostop,857,35.58926487747958,-0.3732069487125167,0.28562781202394194,-96.13145041365613,47.8551751279024,-14.867054456348905,-31.066764287485665
^AXJO,1,30,RSI>65,2xATR,898,36.191536748329625,-0.32543411866805666,0.31891817796514665,-94.83460706603354,45.67099567099567,-13.637831740867167,-29.861034427870287
^AXJO,1,30,time3d,nostop,654,41.437308868501525,-0.33172219019186105,0.5195366498802394,-89.73209001751307,51.416765053128685,-10.495057169295574,-20.411741498032953
^AXJO,1,30,time3d,2xATR,673,42.199108469539375,-0.2542380185031563,0.5961069263147544,-84.50384712544799,50.98386462022826,-8.371548719380185,-16.41999636892709
^AXJO,2,5,close>5SMA,nostop,82,57.3170731707317,0.026420919225304394,1.0626159716859875,-14.039514721608237,7.536402990948446,0.07463212582383694,0.9902884162839146
^AXJO,2,5,close>5SMA,2xATR,84,57.14285714285714,-0.1355696484771241,0.7684976178710872,-19.67158840283948,6.454151908697363,-0.5987168668704856,-9.27646072388966
^AXJO,2,5,RSI>65,nostop,81,56.79012345679012,-0.020258289107162975,0.9585085182332188,-13.528415943842276,8.89413616686344,-0.12349758060159477,-1.3885281075604086
^AXJO,2,5,RSI>65,2xATR,83,56.62650602409639,-0.18106227943245498,0.7205219573958288,-20.95231958496554,7.241243604879968,-0.7807722513547111,-10.782295058110439
^AXJO,2,5,time3d,nostop,87,49.42528735632184,-0.1779807944993297,0.7246367500505457,-24.056131037689312,6.8476977567886665,-0.8080941541171005,-11.800961181675587
^AXJO,2,5,time3d,2xATR,88,50.0,-0.18704722494176604,0.7133810032292259,-24.121826798767433,6.631247540338449,-0.8561397100882218,-12.910688447087072
^AXJO,2,10,close>5SMA,nostop,133,50.37593984962406,-0.26769681437338483,0.5657065146347467,-34.29237734461339,13.085399449035812,-1.816220139621516,-13.879745488054956
^AXJO,2,10,close>5SMA,2xATR,147,51.02040816326531,-0.30642879438681325,0.5299374443233614,-39.38829722108975,11.216056670602125,-2.2672771687884063,-20.214565915408215
^AXJO,2,10,RSI>65,nostop,131,47.32824427480916,-0.28533325989460273,0.5592249535293426,-36.032007801084376,14.87603305785124,-1.9063448069774669,-12.81487342468186
^AXJO,2,10,RSI>65,2xATR,145,48.275862068965516,-0.3449253873219451,0.5228053800968011,-42.605340502709396,12.219598583234948,-2.516783286075641,-20.59628447638713
^AXJO,2,10,time3d,nostop,151,40.397350993377486,-0.3911154335044981,0.46953498484079464,-46.76091141624488,11.885084612357339,-2.9623903375911698,-24.925277641785307
^AXJO,2,10,time3d,2xATR,156,40.38461538461539,-0.32382181150783385,0.5166822689687733,-42.17204059916839,11.648957103502559,-2.535818229763187,-21.768628789960328
^AXJO,2,15,close>5SMA,nostop,204,51.470588235294116,-0.22449851080302138,0.6122501688643714,-39.009152478812034,19.303423848878396,-2.3393856079418462,-12.119019020958676
^AXJO,2,15,close>5SMA,2xATR,226,51.76991150442478,-0.2539437686624973,0.5856739829774539,-45.266511418049106,16.666666666666664,-2.889734096610841,-17.33840457966505
^AXJO,2,15,RSI>65,nostop,191,51.30890052356021,-0.24497232539186106,0.6015987592517722,-39.13489871731725,20.916961826052734,-2.386754493435572,-11.410617437102143
^AXJO,2,15,RSI>65,2xATR,216,52.31481481481482,-0.27186665889825873,0.5909383432858148,-46.073394938606384,17.650531286894925,-2.961224848350541,-16.776972886641527
^AXJO,2,15,time3d,nostop,230,41.30434782608695,-0.2979848939442576,0.5678237129388884,-51.500394793713134,18.103109012199923,-3.455368947318871,-19.087157598124456
^AXJO,2,15,time3d,2xATR,239,41.00418410041841,-0.26708985830579196,0.5957772903471156,-49.490625104532526,17.74891774891775,-3.2153125607479405,-18.11554150079937
^AXJO,2,20,close>5SMA,nostop,255,52.94117647058824,-0.2212085391652345,0.6240116946303008,-45.52536971811414,23.947264856355766,-2.8799807134062605,-12.026345099039126
^AXJO,2,20,close>5SMA,2xATR,288,53.125,-0.20147393091588403,0.6446773044883526,-46.030407612939825,21.172766627312082,-2.9373056058429325,-13.873036327968201
^AXJO,2,20,RSI>65,nostop,232,54.310344827586206,-0.2426091677402085,0.6181871768274937,-45.163482099572526,25.285320739866197,-2.8770889505361774,-11.378494977918173
^AXJO,2,20,RSI>65,2xATR,272,54.779411764705884,-0.22339826118617728,0.6434256533281161,-47.95192365778897,22.018890200708384,-3.0785474490799603,-13.98139243630416
^AXJO,2,20,time3d,nostop,295,42.3728813559322,-0.2979245019780031,0.5694303816469245,-60.40560038160543,23.219205037386857,-4.416977871292871,-19.022950459246076
^AXJO,2,20,time3d,2xATR,306,42.48366013071895,-0.22372895612760998,0.6399378587155009,-52.03106678676954,22.96340023612751,-3.457895375581055,-15.05828988749179
^AXJO,2,30,close>5SMA,nostop,342,53.216374269005854,-0.27116443099380094,0.5502714854210065,-62.153141411239666,31.03109012199921,-4.6560113686529565,-15.004343548189173
^AXJO,2,30,close>5SMA,2xATR,393,52.16284987277354,-0.23089002609082476,0.5950689086979175,-61.84912530116815,28.059818968909877,-4.528811841894342,-16.139846970902557
^AXJO,2,30,RSI>65,nostop,315,53.333333333333336,-0.2753953310353453,0.5693014771943185,-59.84447248136284,32.74301456119638,-4.375656852957144,-13.363634691543393
^AXJO,2,30,RSI>65,2xATR,376,52.3936170212766,-0.2401497814150743,0.6129862655954491,-61.56884581193345,29.26013380558835,-4.522662294284185,-15.45673825121199
^AXJO,2,30,time3d,nostop,394,43.65482233502538,-0.32770941050607433,0.5452013294494658,-74.2955431920995,31.011412829594647,-6.428581727392279,-20.729728641248453
^AXJO,2,30,time3d,2xATR,408,42.64705882352941,-0.2404505946151828,0.6240931596006981,-65.3332230037469,30.55883510428965,-4.906208019748171,-16.05495760229247
^AXJO,3,5,close>5SMA,nostop,11,63.63636363636363,0.559758111305679,2.932371554385208,-3.1925986619047553,0.8264462809917356,0.30065526891713823,36.37928753897373
^AXJO,3,5,close>5SMA,2xATR,11,63.63636363636363,0.2933004527112214,1.5273937611220445,-4.076442505700861,0.7870916961826053,0.15227452853314727,19.34647885013636
^AXJO,3,5,RSI>65,nostop,10,70.0,0.9458256374297435,3.609877041765769,-3.6632989138955963,1.6922471467926012,0.459709329232183,27.165614083232025
^AXJO,3,5,RSI>65,2xATR,11,72.72727272727273,0.7213537279184229,2.2037006082650423,-3.809268916099595,1.3774104683195594,0.3808612199024397,27.65052456491712
^AXJO,3,5,time3d,nostop,11,72.72727272727273,0.23796133677032857,1.5129165814014007,-3.4828272511163605,0.8658008658008658,0.12356990492146114,14.272324018428762
^AXJO,3,5,time3d,2xATR,11,72.72727272727273,0.2448678719179381,1.535779380376186,-3.4073975800030354,0.8658008658008658,0.12744853705812798,14.72030603021378
^AXJO,3,10,close>5SMA,nostop,50,62.0,0.14312190237358108,1.3775795263025243,-13.741723268535411,4.4864226682408495,0.3321700170447306,7.403894853602285
^AXJO,3,10,close>5SMA,2xATR,51,60.78431372549019,0.13060272424841743,1.3196972239220754,-10.378126887388838,4.033844942935852,0.31025286487238457,7.69124419161687
^AXJO,3,10,RSI>65,nostop,48,64.58333333333334,0.310239005966477,1.661457279922383,-12.845562196878335,9.071231798504526,0.7053363135659962,7.775529599875039
^AXJO,3,10,RSI>65,2xATR,51,58.82352941176471,0.11745532470176034,1.181759752839475,-11.382060029970976,7.634789452971272,0.26246573981341115,3.4377600250818436
^AXJO,3,10,time3d,nostop,53,54.71698113207547,-0.017525788442782853,0.9651050348534317,-13.76879322912562,4.171585989767808,-0.06606606033969786,-1.5837156539921913
^AXJO,3,10,time3d,2xATR,53,54.71698113207547,-0.06207606035491028,0.8864727404011654,-15.712638838074755,3.994490358126722,-0.1850781136633617,-4.633334845503469
^AXJO,3,15,close>5SMA,nostop,100,54.0,0.0018868140625280872,1.0041964806790435,-13.962853407914066,9.405745769382133,-0.03220656590433579,-0.3424137404306161
^AXJO,3,15,close>5SMA,2xATR,106,52.83018867924528,-0.14476101181108975,0.7559214167051937,-22.33235117075293,8.264462809917356,-0.804267214919907,-9.731633300530875
^AXJO,3,15,RSI>65,nostop,91,62.637362637362635,0.2276339235205998,1.4645064991134433,-14.655184698797562,15.68280204643841,0.9654216882344802,6.1559259969982785
^AXJO,3,15,RSI>65,2xATR,101,52.475247524752476,-0.12154907674088322,0.8485230427837582,-22.189866236326672,12.475403384494294,-0.6772316274880841,-5.42853490677357
^AXJO,3,15,time3d,nostop,112,46.42857142857143,-0.12494835864534563,0.8066706629662649,-20.743203840587533,8.81542699724518,-0.7601254936944524,-8.622673569096444
^AXJO,3,15,time3d,2xATR,114,45.614035087719294,-0.11525228406881691,0.8158137957617747,-22.288986815310906,8.658008658008658,-0.7089567409742759,-8.188450358252886
^AXJO,3,20,close>5SMA,nostop,131,49.61832061068702,-0.2987664982428586,0.5451296650714175,-36.37755163603894,13.223140495867769,-1.9897604068440322,-15.047563076757994
^AXJO,3,20,close>5SMA,2xATR,148,50.0,-0.31711596575192985,0.5411770119083891,-40.42014317846833,11.471861471861471,-2.3630782924832006,-20.598908889193183
^AXJO,3,20,RSI>65,nostop,117,59.82905982905983,-0.02486765808335151,0.9592514561722603,-18.627266226702655,20.110192837465565,-0.2305026472960492,-1.1461980954584363
^AXJO,3,20,RSI>65,2xATR,141,53.90070921985816,-0.2589353144124734,0.6896475968933103,-33.232941741110466,16.292798110979927,-1.8839932168297713,-11.563349671411713
^AXJO,3,20,time3d,nostop,155,38.70967741935484,-0.3749958254687671,0.5195084115118235,-46.996304840615345,12.199921290830382,-2.932579158474524,-24.037689166721826
^AXJO,3,20,time3d,2xATR,161,39.130434782608695,-0.3082590381305419,0.5710528843185217,-41.61728449178684,12.04250295159386,-2.507376726929711,-20.82105968342613
^AXJO,3,30,close>5SMA,nostop,236,55.08474576271186,-0.24732766045703114,0.602930783191758,-46.51067836417386,22.471467926013382,-2.9785712308054935,-13.254902797682588
^AXJO,3,30,close>5SMA,2xATR,274,54.74452554744526,-0.20746552309149932,0.6408697881454241,-45.01030648138398,20.011806375442738,-2.8768816329799662,-14.375921788401365
^AXJO,3,30,RSI>65,nostop,186,63.44086021505376,-0.07307406863865462,0.8847065291157348,-22.4634825958128,29.10271546635183,-0.8029581415776699,-2.759048867814549
^AXJO,3,30,RSI>65,2xATR,239,59.83263598326359,-0.13159039293928393,0.8095942227937205,-30.149351728578466,24.69500196772924,-1.6734143316939787,-6.776327994955219
^AXJO,3,30,time3d,nostop,280,42.5,-0.3280561935323801,0.5455289727930447,-61.73034975807715,22.03856749311295,-4.623709949128507,-20.980083894170598
^AXJO,3,30,time3d,2xATR,292,41.78082191780822,-0.24046207281011264,0.6252389596932083,-52.60603555717638,21.802439984258164,-3.54062497766251,-16.239581350614507
^AXJO,4,5,close>5SMA,nostop,0,0.0,0.0,0.0,0.0,0.0,0.0,0.0
^AXJO,4,5,close>5SMA,2xATR,0,0.0,0.0,0.0,0.0,0.0,0.0,0.0
^AXJO,4,5,RSI>65,nostop,0,0.0,0.0,0.0,0.0,0.0,0.0,0.0
^AXJO,4,5,RSI>65,2xATR,0,0.0,0.0,0.0,0.0,0.0,0.0,0.0
^AXJO,4,5,time3d,nostop,0,0.0,0.0,0.0,0.0,0.0,0.0,0.0
^AXJO,4,5,time3d,2xATR,0,0.0,0.0,0.0,0.0,0.0,0.0,0.0
^AXJO,4,10,close>5SMA,nostop,12,66.66666666666666,0.269530077383349,1.515867048109936,-6.890447743851736,0.9248327430145612,0.15277320338022982,16.519008927198467
^AXJO,4,10,close>5SMA,2xATR,13,69.23076923076923,0.3579992574853009,1.7456445728727608,-3.9143148270428862,0.8461235733963006,0.2227023484209889,26.32031010873176
^AXJO,4,10,RSI>65,nostop,11,63.63636363636363,0.4321368250601496,1.5893296133833796,-10.16169664745571,2.8925619834710745,0.22043367302315708,7.620706981657716
^AXJO,4,10,RSI>65,2xATR,13,61.53846153846154,0.46719784613332704,1.5658008176210336,-4.363813690840623,2.22353404171586,0.28414198543225133,12.77884575191771
^AXJO,4,10,time3d,nostop,13,53.84615384615385,-0.06630770487879162,0.9033498314028429,-7.006511839956941,1.023219205037387,-0.051194288874290006,-5.003257231906573
^AXJO,4,10,time3d,2xATR,13,53.84615384615385,-0.05006695634193705,0.9252529079435634,-4.608638005352361,0.9838646202282565,-0.04015334742125676,-4.081186231896537
^AXJO,4,15,close>5SMA,nostop,43,65.11627906976744,0.16550672347096407,1.403440394530579,-13.085273997280966,3.876426603699331,0.3311270327782667,8.542068936950008
^AXJO,4,15,close>5SMA,2xATR,45,64.44444444444444,0.15216817959593565,1.3524801542056288,-10.537676749358605,3.5222353404171582,0.320804879345582,9.107991043766747
^AXJO,4,15,RSI>65,nostop,42,73.80952380952381,0.5595780310942443,2.0229441049709083,-13.532826256431363,9.996064541519086,1.1190062761430974,11.194468297951225
^AXJO,4,15,RSI>65,2xATR,45,64.44444444444444,0.3000431123851589,1.427593984492947,-10.599152681643709,7.59543486816214,0.6309764371589477,8.307311537932053
^AXJO,4,15,time3d,nostop,47,59.57446808510638,0.04151330902095746,1.0781502542429724,-15.354961894148634,3.699330972058245,0.0697766361787977,1.8861960907481379
^AXJO,4,15,time3d,2xATR,47,57.446808510638306,0.043068158733491194,1.0822339049179346,-13.825162013453507,3.5222353404171582,0.07847504496540925,2.227989824101731
^AXJO,4,20,close>5SMA,nostop,81,49.382716049382715,-0.029476670306501054,0.9412260719223885,-15.969515268108003,7.752853207398662,-0.15545824146288023,-2.005174576432379
^AXJO,4,20,close>5SMA,2xATR,88,51.13636363636363,-0.08720330067278077,0.8461325175910925,-18.707529642590604,7.005116096025186,-0.41885233334753025,-5.979234713685812
^AXJO,4,20,RSI>65,nostop,69,62.31884057971014,0.22232963946338613,1.3481518666719885,-16.963956340144648,16.76505312868949,0.6859529180639923,4.091564236621137
^AXJO,4,20,RSI>65,2xATR,81,51.85185185185185,-0.0830580580554073,0.908009334023906,-24.109126090321865,12.278630460448642,-0.4053726722482054,-3.3014485903291346
^AXJO,4,20,time3d,nostop,91,42.857142857142854,-0.24250369341308284,0.6481300257575798,-25.63777261353477,7.162534435261708,-1.1396468030793971,-15.911222673762351
^AXJO,4,20,time3d,2xATR,93,43.01075268817204,-0.18516395211324366,0.7035530105390678,-22.002862508017294,7.103502558048012,-0.891606889361729,-12.551651556056253
^AXJO,4,30,close>5SMA,nostop,164,50.0,-0.3315358300950833,0.5095270472086513,-45.090354184266936,16.233766233766232,-2.7545286953621795,-16.967896763431025
^AXJO,4,30,close>5SMA,2xATR,196,50.51020408163265,-0.2969209909132764,0.5387478188505778,-45.48291967939411,14.443132624950808,-2.9184433146069555,-20.20644267688358
^AXJO,4,30,RSI>65,nostop,120,60.0,-0.026254659476993063,0.9658906726439148,-22.314420220929108,26.229830775285322,-0.3082016262571874,-1.175004249541655
^AXJO,4,30,RSI>65,2xATR,166,54.21686746987952,-0.09317920746046504,0.8901151629840571,-22.077454393438046,20.70051160960252,-0.8959398665629559,-4.328104944746142
^AXJO,4,30,time3d,nostop,197,37.56345177664975,-0.45806198268276177,0.42683550344300075,-61.384400135077286,15.505706414797324,-4.505776262049988,-29.058826096114263
^AXJO,4,30,time3d,2xATR,208,38.94230769230769,-0.30628455119200415,0.5498582111240011,-48.547553580554094,15.486029122392758,-3.1956826119149406,-20.63590728558034
EPOL,1,5,close>5SMA,nostop,37,45.94594594594595,-0.1579180690594084,0.7735544986196519,-15.249868600412741,20.916030534351147,-2.4314986965049967,-11.62504851248739
EPOL,1,5,close>5SMA,2xATR,40,50.0,-0.3364986183329513,0.6265147765863031,-19.758161134335783,19.236641221374047,-5.339973259960351,-27.759384803762142
EPOL,1,5,RSI>65,nostop,48,58.333333333333336,-0.03890599368294625,0.9278551942485934,-15.934314292590923,19.389312977099237,-0.9573194152040942,-4.9373560390447375
EPOL,1,5,RSI>65,2xATR,49,59.183673469387756,-0.08321980001473439,0.8565221238653935,-16.65014946184038,18.778625954198475,-1.7949708527402075,-9.558584622315738
EPOL,1,5,time3d,nostop,36,47.22222222222222,0.10068186505091303,1.116178049227863,-19.902299670063407,21.679389312977097,0.9947029922240613,4.58824267539972
EPOL,1,5,time3d,2xATR,36,47.22222222222222,0.009634586885704621,1.010060506327078,-22.526952929746535,21.22137404580153,-0.29160180823849524,-1.3740948517713265
EPOL,1,10,close>5SMA,nostop,37,45.94594594594595,-0.1579180690594084,0.7735544986196519,-15.249868600412741,20.916030534351147,-2.4314986965049967,-11.62504851248739
EPOL,1,10,close>5SMA,2xATR,40,50.0,-0.3364986183329513,0.6265147765863031,-19.758161134335783,19.236641221374047,-5.339973259960351,-27.759384803762142
EPOL,1,10,RSI>65,nostop,48,58.333333333333336,-0.03890599368294625,0.9278551942485934,-15.934314292590923,19.389312977099237,-0.9573194152040942,-4.9373560390447375
EPOL,1,10,RSI>65,2xATR,49,59.183673469387756,-0.08321980001473439,0.8565221238653935,-16.65014946184038,18.778625954198475,-1.7949708527402075,-9.558584622315738
EPOL,1,10,time3d,nostop,36,47.22222222222222,0.10068186505091303,1.116178049227863,-19.902299670063407,21.679389312977097,0.9947029922240613,4.58824267539972
EPOL,1,10,time3d,2xATR,36,47.22222222222222,0.009634586885704621,1.010060506327078,-22.526952929746535,21.22137404580153,-0.29160180823849524,-1.3740948517713265
EPOL,1,15,close>5SMA,nostop,37,45.94594594594595,-0.1579180690594084,0.7735544986196519,-15.249868600412741,20.916030534351147,-2.4314986965049967,-11.62504851248739
EPOL,1,15,close>5SMA,2xATR,40,50.0,-0.3364986183329513,0.6265147765863031,-19.758161134335783,19.236641221374047,-5.339973259960351,-27.759384803762142
EPOL,1,15,RSI>65,nostop,48,58.333333333333336,-0.03890599368294625,0.9278551942485934,-15.934314292590923,19.389312977099237,-0.9573194152040942,-4.9373560390447375
EPOL,1,15,RSI>65,2xATR,49,59.183673469387756,-0.08321980001473439,0.8565221238653935,-16.65014946184038,18.778625954198475,-1.7949708527402075,-9.558584622315738
EPOL,1,15,time3d,nostop,36,47.22222222222222,0.10068186505091303,1.116178049227863,-19.902299670063407,21.679389312977097,0.9947029922240613,4.58824267539972
EPOL,1,15,time3d,2xATR,36,47.22222222222222,0.009634586885704621,1.010060506327078,-22.526952929746535,21.22137404580153,-0.29160180823849524,-1.3740948517713265
EPOL,1,20,close>5SMA,nostop,37,45.94594594594595,-0.1579180690594084,0.7735544986196519,-15.249868600412741,20.916030534351147,-2.4314986965049967,-11.62504851248739
EPOL,1,20,close>5SMA,2xATR,40,50.0,-0.3364986183329513,0.6265147765863031,-19.758161134335783,19.236641221374047,-5.339973259960351,-27.759384803762142
EPOL,1,20,RSI>65,nostop,48,58.333333333333336,-0.03890599368294625,0.9278551942485934,-15.934314292590923,19.389312977099237,-0.9573194152040942,-4.9373560390447375
EPOL,1,20,RSI>65,2xATR,49,59.183673469387756,-0.08321980001473439,0.8565221238653935,-16.65014946184038,18.778625954198475,-1.7949708527402075,-9.558584622315738
EPOL,1,20,time3d,nostop,36,47.22222222222222,0.10068186505091303,1.116178049227863,-19.902299670063407,21.679389312977097,0.9947029922240613,4.58824267539972
EPOL,1,20,time3d,2xATR,36,47.22222222222222,0.009634586885704621,1.010060506327078,-22.526952929746535,21.22137404580153,-0.29160180823849524,-1.3740948517713265
EPOL,1,30,close>5SMA,nostop,37,45.94594594594595,-0.1579180690594084,0.7735544986196519,-15.249868600412741,20.916030534351147,-2.4314986965049967,-11.62504851248739
EPOL,1,30,close>5SMA,2xATR,40,50.0,-0.3364986183329513,0.6265147765863031,-19.758161134335783,19.236641221374047,-5.339973259960351,-27.759384803762142
EPOL,1,30,RSI>65,nostop,48,58.333333333333336,-0.03890599368294625,0.9278551942485934,-15.934314292590923,19.389312977099237,-0.9573194152040942,-4.9373560390447375
EPOL,1,30,RSI>65,2xATR,49,59.183673469387756,-0.08321980001473439,0.8565221238653935,-16.65014946184038,18.778625954198475,-1.7949708527402075,-9.558584622315738
EPOL,1,30,time3d,nostop,36,47.22222222222222,0.10068186505091303,1.116178049227863,-19.902299670063407,21.679389312977097,0.9947029922240613,4.58824267539972
EPOL,1,30,time3d,2xATR,36,47.22222222222222,0.009634586885704621,1.010060506327078,-22.526952929746535,21.22137404580153,-0.29160180823849524,-1.3740948517713265
EPOL,2,5,close>5SMA,nostop,4,100.0,1.0292440166880803,inf,-1.2426616177828809,2.4427480916030535,1.5826076252804855,64.78799965991988
EPOL,2,5,close>5SMA,2xATR,4,100.0,1.0292440166880803,inf,-1.2426616177828809,2.4427480916030535,1.5826076252804855,64.78799965991988
EPOL,2,5,RSI>65,nostop,4,100.0,1.8657969320864276,inf,-1.2426616177828809,2.595419847328244,2.855947055828767,110.03796009222603
EPOL,2,5,RSI>65,2xATR,4,100.0,1.8657969320864276,inf,-1.2426616177828809,2.595419847328244,2.855947055828767,110.03796009222603
EPOL,2,5,time3d,nostop,4,100.0,0.5466846795662896,inf,-1.5944568832422124,2.4427480916030535,0.8380160895004485,34.30628366392461
EPOL,2,5,time3d,2xATR,4,100.0,0.5466846795662896,inf,-1.5944568832422124,2.4427480916030535,0.8380160895004485,34.30628366392461
EPOL,2,10,close>5SMA,nostop,7,57.14285714285714,0.15318743257078474,1.2824590647291318,-4.768748695540381,5.343511450381679,0.37116085144117683,6.946010219827738
EPOL,2,10,close>5SMA,2xATR,7,57.14285714285714,-0.49549490471714674,0.5839733851587281,-6.41892514991701,4.885496183206107,-1.407503746065597,-28.809842302280188
EPOL,2,10,RSI>65,nostop,7,71.42857142857143,0.8638964551805319,2.860410112451869,-4.768748695540381,5.648854961832061,2.2791939739614797,40.3478933228316
EPOL,2,10,RSI>65,2xATR,7,57.14285714285714,-0.022617487850508503,0.9810099421465655,-6.41892514991701,5.038167938931298,-0.17164540406066076,-3.4069012018100846
EPOL,2,10,time3d,nostop,8,37.5,0.6912127167988378,1.8547177706274478,-5.628355338431357,4.885496183206107,1.9788644404501898,40.504881515464824
EPOL,2,10,time3d,2xATR,8,37.5,0.6827701246469476,1.8355551779679131,-5.694389237994157,4.732824427480916,1.9514052111292424,41.231303654504956
EPOL,2,15,close>5SMA,nostop,14,64.28571428571429,0.30487425485542347,1.6119795620135957,-4.8863038485701065,10.076335877862595,1.5690992606642418,15.57212145053149
EPOL,2,15,close>5SMA,2xATR,15,66.66666666666666,0.026220842931584307,1.032039503949567,-6.034750637642217,9.31297709923664,0.012013349825701347,0.1289958055054817
EPOL,2,15,RSI>65,nostop,13,76.92307692307693,0.9807350375764797,3.048358044971033,-4.886303848570083,11.450381679389313,4.888654278498006,42.69424736554925
EPOL,2,15,RSI>65,2xATR,14,71.42857142857143,0.5149862374493076,1.5972584076062697,-5.798875846436646,10.534351145038167,2.6244359557555663,24.91312392782458
EPOL,2,15,time3d,nostop,15,46.666666666666664,0.13524641119877873,1.1363754298381807,-9.097273867262635,9.16030534351145,0.5299414127168722,5.785193755492522
EPOL,2,15,time3d,2xATR,16,43.75,0.1938191797557894,1.224662408027313,-8.916936128999042,9.618320610687023,0.9740558988323711,10.127089106907984
EPOL,2,20,close>5SMA,nostop,15,53.333333333333336,0.137995900082745,1.2083088294628856,-6.695667997009491,11.145038167938932,0.6921996182609469,6.2108321912454825
EPOL,2,20,close>5SMA,2xATR,16,56.25,-0.2103689214597803,0.7996387820080225,-9.749162252852495,9.923664122137405,-1.4635915660047405,-14.748499626663154
EPOL,2,20,RSI>65,nostop,14,64.28571428571429,0.7474967504889796,2.472389707607867,-4.886303848570083,12.51908396946565,3.9830951655543068,31.816186993147205
EPOL,2,20,RSI>65,2xATR,16,56.25,-0.1492785421821477,0.8891247008810728,-8.07100828645384,10.992366412213741,-1.16467420359756,-10.59530004661669
EPOL,2,20,time3d,nostop,16,43.75,-0.3763143923884521,0.7530994295919484,-16.30172204054354,9.770992366412214,-2.613499019482546,-26.74752902751668
EPOL,2,20,time3d,2xATR,17,41.17647058823529,-0.2830901182454104,0.7923660166728698,-16.01694959589014,10.229007633587786,-2.130016879247476,-20.823299341896966
EPOL,2,30,close>5SMA,nostop,16,43.75,-0.030309461517053576,0.9613116229550415,-7.4570647791078475,12.213740458015266,-0.2975895589518496,-2.4365145139182687
EPOL,2,30,close>5SMA,2xATR,18,50.0,-0.2656810986234757,0.7534550047140036,-9.468887404808857,11.297709923664122,-2.00729814508509,-17.767301149063975
EPOL,2,30,RSI>65,nostop,15,60.0,0.6091919842308346,2.171009297554689,-5.3542626558997775,13.435114503816795,3.4576590235099847,25.735984777261816
EPOL,2,30,RSI>65,2xATR,18,55.55555555555556,-0.14316658692497788,0.8841162370234109,-7.785521915064086,12.213740458015266,-1.2358617888148626,-10.118618395921688
EPOL,2,30,time3d,nostop,18,38.88888888888889,-0.5968981108973499,0.6236649853212265,-20.332007446553146,10.992366412213741,-4.3743777416582645,-39.794686399807816
EPOL,2,30,time3d,2xATR,19,42.10526315789473,-0.3614073296145299,0.734784964319244,-17.921452328976294,11.450381679389313,-2.9085567286932346,-25.401395430587584
EPOL,3,5,close>5SMA,nostop,1,100.0,1.426458087779148,inf,-0.09990009990009652,0.45801526717557256,0.5451746155223258,119.0297910557078
EPOL,3,5,close>5SMA,2xATR,1,100.0,1.426458087779148,inf,-0.09990009990009652,0.45801526717557256,0.5451746155223258,119.0297910557078
EPOL,3,5,RSI>65,nostop,1,100.0,0.21791903445311805,inf,-3.8847744994861766,1.5267175572519083,0.08346332063189354,5.466847501389028
EPOL,3,5,RSI>65,2xATR,1,100.0,0.21791903445311805,inf,-3.8847744994861766,1.5267175572519083,0.08346332063189354,5.466847501389028
EPOL,3,5,time3d,nostop,1,0.0,-0.6415080104653967,0.0,-2.328569254263657,0.6106870229007634,-0.2469568825085644,-40.439189510777425
EPOL,3,5,time3d,2xATR,1,0.0,-0.6415080104653967,0.0,-2.328569254263657,0.6106870229007634,-0.2469568825085644,-40.439189510777425
EPOL,3,10,close>5SMA,nostop,2,100.0,0.873171295461628,inf,-1.2426616177828809,1.2213740458015268,0.6681461077004958,54.70446256797809
EPOL,3,10,close>5SMA,2xATR,2,100.0,0.873171295461628,inf,-1.2426616177828809,1.2213740458015268,0.6681461077004958,54.70446256797809
EPOL,3,10,RSI>65,nostop,2,50.0,1.9489198645699202,5.187776954429016,-3.8847744994861877,2.4427480916030535,1.4619521244393807,59.84866509423715
EPOL,3,10,RSI>65,2xATR,2,50.0,0.37201052059763207,1.1821534200964279,-4.710564156392472,1.8320610687022902,0.2094399452477802,11.431930344774669
EPOL,3,10,time3d,nostop,2,100.0,0.873171295461628,inf,-1.2426616177828809,1.2213740458015268,0.6681461077004958,54.70446256797809
EPOL,3,10,time3d,2xATR,2,100.0,0.873171295461628,inf,-1.2426616177828809,1.2213740458015268,0.6681461077004958,54.70446256797809
EPOL,3,15,close>5SMA,nostop,6,100.0,1.2825733588720967,inf,-1.2426616177828809,3.6641221374045805,2.9679937316925864,81.00149559411017
EPOL,3,15,close>5SMA,2xATR,6,100.0,1.2825733588720967,inf,-1.2426616177828809,3.6641221374045805,2.9679937316925864,81.00149559411017
EPOL,3,15,RSI>65,nostop,5,80.0,1.856713316132543,10.974116147147496,-4.022783859509705,5.801526717557252,3.549949940429742,61.18992660477581
EPOL,3,15,RSI>65,2xATR,5,80.0,1.225949578543628,2.500702911833978,-5.737715412589384,5.190839694656488,2.271662161223631,43.76290340004348
EPOL,3,15,time3d,nostop,6,66.66666666666666,1.3343627046420412,98.10083492112786,-1.6082696030628618,3.6641221374045805,3.0178681089852333,82.36265047438866
EPOL,3,15,time3d,2xATR,6,66.66666666666666,1.3343627046420412,98.10083492112786,-1.6082696030628618,3.6641221374045805,3.0178681089852333,82.36265047438866
EPOL,3,20,close>5SMA,nostop,10,80.0,0.9287694417231507,3.8573068171974416,-4.075241284554421,6.259541984732825,3.553018833474564,56.761642339654614
EPOL,3,20,close>5SMA,2xATR,10,80.0,0.816285968627215,2.8656509817736286,-3.831498755567486,5.9541984732824424,3.0921407421973246,51.93210733690378
EPOL,3,20,RSI>65,nostop,8,75.0,1.7899596037247583,3.9906082751193614,-6.114551859800033,7.938931297709924,5.484224601633914,69.08013680904256
EPOL,3,20,RSI>65,2xATR,9,77.77777777777779,1.5236916190250658,2.7595063561002493,-4.640344929675322,6.7175572519083975,5.195923266741076,77.3484031753501
EPOL,3,20,time3d,nostop,10,60.0,1.1438762400239877,3.020642639919373,-4.075241284554432,6.106870229007633,4.300386171939552,70.41882356551017
EPOL,3,20,time3d,2xATR,10,60.0,1.1371221663024755,2.98502831424375,-3.9556160413550034,5.9541984732824424,4.2723018405648405,71.7527616812813
EPOL,3,30,close>5SMA,nostop,14,50.0,-0.05670349199414146,0.914601698814728,-5.842136929029984,10.687022900763358,-0.38211723767547223,-3.5755255811062043
EPOL,3,30,close>5SMA,2xATR,16,56.25,-0.4403027158466327,0.5872316432586135,-9.158799512784343,10.076335877862595,-2.8289088534840467,-28.074777258061374
EPOL,3,30,RSI>65,nostop,11,72.72727272727273,0.7045379198245146,2.019672317965154,-6.229136759084741,12.977099236641221,2.8909126763404513,22.277032976505833
EPOL,3,30,RSI>65,2xATR,14,50.0,-0.6738933656276076,0.6217015191592953,-10.673604570853602,11.450381679389313,-3.824858529013575,-33.40376448671856
EPOL,3,30,time3d,nostop,16,43.75,-0.15610433239605018,0.8686136941143191,-13.116494712202641,9.770992366412214,-1.2137154783680049,-12.42161934892255
EPOL,3,30,time3d,2xATR,17,47.05882352941176,-0.018238841719893567,0.9828142207181041,-11.781383327021988,10.229007633587786,-0.37469818242389374,-3.6630941714574687
EPOL,4,5,close>5SMA,nostop,0,0.0,0.0,0.0,0.0,0.0,0.0,0.0
EPOL,4,5,close>5SMA,2xATR,0,0.0,0.0,0.0,0.0,0.0,0.0,0.0
EPOL,4,5,RSI>65,nostop,0,0.0,0.0,0.0,0.0,0.0,0.0,0.0
EPOL,4,5,RSI>65,2xATR,0,0.0,0.0,0.0,0.0,0.0,0.0,0.0
EPOL,4,5,time3d,nostop,0,0.0,0.0,0.0,0.0,0.0,0.0,0.0
EPOL,4,5,time3d,2xATR,0,0.0,0.0,0.0,0.0,0.0,0.0,0.0
EPOL,4,10,close>5SMA,nostop,0,0.0,0.0,0.0,0.0,0.0,0.0,0.0
EPOL,4,10,close>5SMA,2xATR,0,0.0,0.0,0.0,0.0,0.0,0.0,0.0
EPOL,4,10,RSI>65,nostop,0,0.0,0.0,0.0,0.0,0.0,0.0,0.0
EPOL,4,10,RSI>65,2xATR,0,0.0,0.0,0.0,0.0,0.0,0.0,0.0
EPOL,4,10,time3d,nostop,0,0.0,0.0,0.0,0.0,0.0,0.0,0.0
EPOL,4,10,time3d,2xATR,0,0.0,0.0,0.0,0.0,0.0,0.0,0.0
EPOL,4,15,close>5SMA,nostop,2,100.0,0.873171295461628,inf,-1.2426616177828809,1.2213740458015268,0.6681461077004958,54.70446256797809
EPOL,4,15,close>5SMA,2xATR,2,100.0,0.873171295461628,inf,-1.2426616177828809,1.2213740458015268,0.6681461077004958,54.70446256797809
EPOL,4,15,RSI>65,nostop,2,50.0,1.643593305820923,3.1325718089130525,-5.417552004228698,3.3587786259541987,1.2213684390680823,36.36346943589063
EPOL,4,15,RSI>65,2xATR,2,50.0,0.37201052059763207,1.1821534200964279,-4.710564156392472,1.8320610687022902,0.2094399452477802,11.431930344774669
EPOL,4,15,time3d,nostop,2,100.0,0.873171295461628,inf,-1.2426616177828809,1.2213740458015268,0.6681461077004958,54.70446256797809
EPOL,4,15,time3d,2xATR,2,100.0,0.873171295461628,inf,-1.2426616177828809,1.2213740458015268,0.6681461077004958,54.70446256797809
EPOL,4,20,close>5SMA,nostop,5,100.0,1.2454575551160163,inf,-1.2426616177828809,3.2061068702290076,2.393521941656762,74.65508913262758
EPOL,4,20,close>5SMA,2xATR,5,100.0,1.2454575551160163,inf,-1.2426616177828809,3.2061068702290076,2.393521941656762,74.65508913262758
EPOL,4,20,RSI>65,nostop,4,75.0,2.4296692430860354,7.305019756940937,-5.417552004228698,6.412213740458015,3.666819370114771,57.18492112917083
EPOL,4,20,RSI>65,2xATR,4,75.0,1.7938778504743902,2.7567298106204072,-5.737715412589372,4.885496183206107,2.6304432570266156,53.84188541726354
EPOL,4,20,time3d,nostop,5,60.0,1.5515775274262866,95.08953105093454,-1.2426616177828809,3.0534351145038165,2.91998349927054,95.62945960111018
EPOL,4,20,time3d,2xATR,5,60.0,1.5515775274262866,95.08953105093454,-1.2426616177828809,3.0534351145038165,2.91998349927054,95.62945960111018
EPOL,4,30,close>5SMA,nostop,12,75.0,0.937698173833069,8.33891941845229,-3.2337207830020476,7.938931297709924,4.348812708377303,54.77831392282949
EPOL,4,30,close>5SMA,2xATR,12,75.0,0.937698173833069,8.33891941845229,-3.2337207830020476,7.938931297709924,4.348812708377303,54.77831392282949
EPOL,4,30,RSI>65,nostop,8,75.0,2.209423947433868,7.9271616690796884,-5.417552004228698,10.839694656488549,6.829601972762878,63.00548298816459
EPOL,4,30,RSI>65,2xATR,9,77.77777777777779,1.7234988534239857,2.9065345808763072,-4.710564156392472,9.465648854961833,5.8602196515616045,61.91038502859436
EPOL,4,30,time3d,nostop,13,53.84615384615385,0.86089904170391,3.283391263851274,-3.4643139011883095,7.938931297709924,4.2275965941364735,53.25145709921904
EPOL,4,30,time3d,2xATR,13,53.84615384615385,0.86089904170391,3.283391263851274,-3.4643139011883095,7.938931297709924,4.2275965941364735,53.25145709921904
